4.69;2023/7/10;22:37:7
4.69;2023/7/10;22:37:9
4.69;2023/7/10;22:37:11
4.69;2023/7/10;22:37:13
4.69;2023/7/10;22:37:15
4.79;2023/7/10;22:37:17
4.69;2023/7/10;22:37:19
4.69;2023/7/10;22:37:21
4.69;2023/7/10;22:37:23
4.69;2023/7/10;22:37:25
4.69;2023/7/10;22:37:28
4.69;2023/7/10;22:37:30
4.69;2023/7/10;22:37:32
4.69;2023/7/10;22:37:34
4.69;2023/7/10;22:37:36
4.69;2023/7/10;22:37:38
4.79;2023/7/10;22:37:40
4.69;2023/7/10;22:37:42
4.69;2023/7/10;22:37:44
4.69;2023/7/10;22:37:46
4.79;2023/7/10;22:37:48
4.69;2023/7/10;22:37:50
4.69;2023/7/10;22:37:52
4.69;2023/7/10;22:37:55
4.69;2023/7/10;22:37:57
4.69;2023/7/10;22:37:59
4.69;2023/7/10;22:38:1
4.79;2023/7/10;22:38:3
4.79;2023/7/10;22:38:5
4.69;2023/7/10;22:38:7
4.69;2023/7/10;22:38:9
4.69;2023/7/10;22:38:11
4.69;2023/7/10;22:38:13
4.69;2023/7/10;22:38:15
4.79;2023/7/10;22:38:17
4.69;2023/7/10;22:38:19
4.69;2023/7/10;22:38:22
4.69;2023/7/10;22:38:24
4.79;2023/7/10;22:38:26
4.69;2023/7/10;22:38:28
4.69;2023/7/10;22:38:30
4.69;2023/7/10;22:38:32
4.79;2023/7/10;22:38:34
4.69;2023/7/10;22:38:36
4.79;2023/7/10;22:38:38
4.69;2023/7/10;22:38:40
4.69;2023/7/10;22:38:42
4.69;2023/7/10;22:38:44
4.69;2023/7/10;22:38:46
4.79;2023/7/10;22:38:49
4.69;2023/7/10;22:38:51
4.79;2023/7/10;22:38:53
4.69;2023/7/10;22:38:55
4.69;2023/7/10;22:38:57
4.69;2023/7/10;22:38:59
4.69;2023/7/10;22:39:1
4.69;2023/7/10;22:39:4
4.69;2023/7/10;22:39:5
4.69;2023/7/10;22:39:7
4.69;2023/7/10;22:39:9
4.79;2023/7/10;22:39:12
4.69;2023/7/10;22:39:13
4.69;2023/7/10;22:39:16
4.69;2023/7/10;22:39:18
4.79;2023/7/10;22:39:20
4.69;2023/7/10;22:39:22
4.69;2023/7/10;22:39:24
4.69;2023/7/10;22:39:26
4.79;2023/7/10;22:39:28
4.69;2023/7/10;22:39:30
4.69;2023/7/10;22:39:32
4.69;2023/7/10;22:39:34
4.69;2023/7/10;22:39:36
4.69;2023/7/10;22:39:38
4.69;2023/7/10;22:39:40
4.79;2023/7/10;22:39:42
4.79;2023/7/10;22:39:45
4.69;2023/7/10;22:39:47
4.79;2023/7/10;22:39:49
4.69;2023/7/10;22:39:51
4.79;2023/7/10;22:39:53
4.69;2023/7/10;22:39:55
4.79;2023/7/10;22:39:57
4.69;2023/7/10;22:39:59
4.69;2023/7/10;22:40:1
4.79;2023/7/10;22:40:3
4.69;2023/7/10;22:40:5
4.79;2023/7/10;22:40:7
4.69;2023/7/10;22:40:9
4.79;2023/7/10;22:40:12
4.79;2023/7/10;22:40:14
4.69;2023/7/10;22:40:16
4.69;2023/7/10;22:40:18
4.79;2023/7/10;22:40:20
4.79;2023/7/10;22:40:22
4.79;2023/7/10;22:40:24
4.69;2023/7/10;22:40:26
4.69;2023/7/10;22:40:28
4.69;2023/7/10;22:40:30
4.79;2023/7/10;22:40:32
4.69;2023/7/10;22:40:34
4.79;2023/7/10;22:40:37
4.69;2023/7/10;22:40:39
4.69;2023/7/10;22:40:41
4.69;2023/7/10;22:40:43
4.79;2023/7/10;22:40:45
4.69;2023/7/10;22:40:47
4.69;2023/7/10;22:40:49
4.69;2023/7/10;22:40:51
4.79;2023/7/10;22:40:53
4.79;2023/7/10;22:40:55
4.79;2023/7/10;22:40:57
4.79;2023/7/10;22:40:59
4.79;2023/7/10;22:41:1
4.79;2023/7/10;22:41:3
4.69;2023/7/10;22:41:6
4.79;2023/7/10;22:41:8
4.79;2023/7/10;22:41:10
4.69;2023/7/10;22:41:12
4.79;2023/7/10;22:41:14
4.79;2023/7/10;22:41:16
4.79;2023/7/10;22:41:18
4.79;2023/7/10;22:41:20
4.79;2023/7/10;22:41:22
4.79;2023/7/10;22:41:24
4.79;2023/7/10;22:41:26
4.79;2023/7/10;22:41:28
4.69;2023/7/10;22:41:31
4.89;2023/7/10;22:41:33
4.69;2023/7/10;22:41:35
4.79;2023/7/10;22:41:37
4.69;2023/7/10;22:41:39
4.79;2023/7/10;22:41:41
4.79;2023/7/10;22:41:43
4.69;2023/7/10;22:41:45
4.69;2023/7/10;22:41:47
4.79;2023/7/10;22:41:49
4.69;2023/7/10;22:41:51
4.79;2023/7/10;22:41:53
4.69;2023/7/10;22:41:55
4.69;2023/7/10;22:41:57
4.79;2023/7/10;22:42:0
4.69;2023/7/10;22:42:2
4.79;2023/7/10;22:42:4
4.79;2023/7/10;22:42:6
4.69;2023/7/10;22:42:8
4.79;2023/7/10;22:42:10
4.79;2023/7/10;22:42:12
4.69;2023/7/10;22:42:14
4.69;2023/7/10;22:42:16
4.69;2023/7/10;22:42:18
4.79;2023/7/10;22:42:20
4.69;2023/7/10;22:42:22
4.79;2023/7/10;22:42:24
4.79;2023/7/10;22:42:27
4.79;2023/7/10;22:42:29
4.79;2023/7/10;22:42:31
4.69;2023/7/10;22:42:33
4.69;2023/7/10;22:42:35
4.69;2023/7/10;22:42:37
4.69;2023/7/10;22:42:39
4.69;2023/7/10;22:42:41
4.69;2023/7/10;22:42:43
4.79;2023/7/10;22:42:45
4.79;2023/7/10;22:42:47
4.79;2023/7/10;22:42:49
4.79;2023/7/10;22:42:51
4.69;2023/7/10;22:42:54
4.69;2023/7/10;22:42:56
4.79;2023/7/10;22:42:58
4.69;2023/7/10;22:43:0
4.79;2023/7/10;22:43:2
4.79;2023/7/10;22:43:4
4.79;2023/7/10;22:43:9
4.79;2023/7/10;22:43:9
4.69;2023/7/10;22:43:10
4.69;2023/7/10;22:43:12
4.69;2023/7/10;22:43:14
4.79;2023/7/10;22:43:16
4.69;2023/7/10;22:43:18
4.79;2023/7/10;22:43:20
4.79;2023/7/10;22:43:23
4.79;2023/7/10;22:43:25
4.69;2023/7/10;22:43:27
4.79;2023/7/10;22:43:29
4.69;2023/7/10;22:43:31
4.79;2023/7/10;22:43:33
4.79;2023/7/10;22:43:35
4.79;2023/7/10;22:43:37
4.69;2023/7/10;22:43:39
4.79;2023/7/10;22:43:41
4.79;2023/7/10;22:43:43
4.79;2023/7/10;22:43:45
4.79;2023/7/10;22:43:47
4.79;2023/7/10;22:43:50
4.79;2023/7/10;22:43:52
4.79;2023/7/10;22:43:54
4.69;2023/7/10;22:43:56
4.79;2023/7/10;22:43:58
4.79;2023/7/10;22:44:0
4.69;2023/7/10;22:44:2
4.79;2023/7/10;22:44:4
4.79;2023/7/10;22:44:6
4.69;2023/7/10;22:44:8
4.69;2023/7/10;22:44:10
4.79;2023/7/10;22:44:12
4.69;2023/7/10;22:44:14
4.79;2023/7/10;22:44:17
4.69;2023/7/10;22:44:19
4.79;2023/7/10;22:44:21
4.79;2023/7/10;22:44:23
4.79;2023/7/10;22:44:25
4.79;2023/7/10;22:44:27
4.69;2023/7/10;22:44:29
4.69;2023/7/10;22:44:31
4.69;2023/7/10;22:44:33
4.79;2023/7/10;22:44:35
4.69;2023/7/10;22:44:37
4.79;2023/7/10;22:44:39
4.69;2023/7/10;22:44:41
4.69;2023/7/10;22:44:44
4.69;2023/7/10;22:44:46
4.69;2023/7/10;22:44:48
4.69;2023/7/10;22:44:50
4.79;2023/7/10;22:44:52
4.79;2023/7/10;22:44:54
4.69;2023/7/10;22:44:56
4.79;2023/7/10;22:44:58
4.79;2023/7/10;22:45:0
4.69;2023/7/10;22:45:2
4.69;2023/7/10;22:45:5
4.79;2023/7/10;22:45:6
4.69;2023/7/10;22:45:8
4.69;2023/7/10;22:45:11
4.69;2023/7/10;22:45:13
4.79;2023/7/10;22:45:15
4.69;2023/7/10;22:45:17
4.79;2023/7/10;22:45:19
4.69;2023/7/10;22:45:21
4.69;2023/7/10;22:45:23
4.69;2023/7/10;22:45:25
4.79;2023/7/10;22:45:27
4.79;2023/7/10;22:45:29
4.69;2023/7/10;22:45:31
4.79;2023/7/10;22:45:33
4.69;2023/7/10;22:45:35
4.79;2023/7/10;22:45:38
4.69;2023/7/10;22:45:40
4.79;2023/7/10;22:45:42
4.69;2023/7/10;22:45:44
4.69;2023/7/10;22:45:46
4.79;2023/7/10;22:45:48
4.69;2023/7/10;22:45:50
4.89;2023/7/10;22:45:52
4.69;2023/7/10;22:45:54
4.79;2023/7/10;22:45:56
4.69;2023/7/10;22:45:58
4.69;2023/7/10;22:46:0
4.79;2023/7/10;22:46:2
4.69;2023/7/10;22:46:5
4.69;2023/7/10;22:46:7
4.79;2023/7/10;22:46:9
4.79;2023/7/10;22:46:11
4.69;2023/7/10;22:46:13
4.69;2023/7/10;22:46:15
4.69;2023/7/10;22:46:17
4.79;2023/7/10;22:46:19
4.79;2023/7/10;22:46:21
4.79;2023/7/10;22:46:23
4.69;2023/7/10;22:46:25
4.69;2023/7/10;22:46:27
4.79;2023/7/10;22:46:29
4.79;2023/7/10;22:46:32
4.69;2023/7/10;22:46:34
4.69;2023/7/10;22:46:36
4.79;2023/7/10;22:46:38
4.69;2023/7/10;22:46:40
4.69;2023/7/10;22:46:47
4.79;2023/7/10;22:46:47
4.69;2023/7/10;22:46:47
4.79;2023/7/10;22:46:48
4.69;2023/7/10;22:46:50
4.79;2023/7/10;22:46:52
4.79;2023/7/10;22:46:54
4.69;2023/7/10;22:46:56
4.79;2023/7/10;22:46:59
4.69;2023/7/10;22:47:1
4.79;2023/7/10;22:47:3
4.79;2023/7/10;22:47:5
4.69;2023/7/10;22:47:7
4.79;2023/7/10;22:47:9
4.79;2023/7/10;22:47:11
4.69;2023/7/10;22:47:13
4.69;2023/7/10;22:47:15
4.79;2023/7/10;22:47:17
4.69;2023/7/10;22:47:19
4.79;2023/7/10;22:47:21
4.69;2023/7/10;22:47:23
4.69;2023/7/10;22:47:25
4.69;2023/7/10;22:47:28
4.69;2023/7/10;22:47:30
4.69;2023/7/10;22:47:32
4.79;2023/7/10;22:47:34
4.69;2023/7/10;22:47:36
4.69;2023/7/10;22:47:38
4.69;2023/7/10;22:47:40
4.79;2023/7/10;22:47:42
4.69;2023/7/10;22:47:44
4.69;2023/7/10;22:47:46
4.69;2023/7/10;22:47:48
4.69;2023/7/10;22:47:50
4.79;2023/7/10;22:47:52
4.69;2023/7/10;22:47:55
4.69;2023/7/10;22:47:57
4.79;2023/7/10;22:47:59
4.69;2023/7/10;22:48:1
4.79;2023/7/10;22:48:3
4.79;2023/7/10;22:48:5
4.79;2023/7/10;22:48:7
4.69;2023/7/10;22:48:9
4.69;2023/7/10;22:48:11
4.69;2023/7/10;22:48:13
4.69;2023/7/10;22:48:15
4.69;2023/7/10;22:48:17
4.79;2023/7/10;22:48:19
4.69;2023/7/10;22:48:22
4.69;2023/7/10;22:48:24
4.69;2023/7/10;22:48:26
4.79;2023/7/10;22:48:28
4.69;2023/7/10;22:48:30
4.69;2023/7/10;22:48:32
4.69;2023/7/10;22:48:34
4.69;2023/7/10;22:48:36
4.69;2023/7/10;22:48:38
4.79;2023/7/10;22:48:40
4.69;2023/7/10;22:48:42
4.79;2023/7/10;22:48:44
4.79;2023/7/10;22:48:46
4.69;2023/7/10;22:48:49
4.69;2023/7/10;22:48:51
4.69;2023/7/10;22:48:53
4.79;2023/7/10;22:48:55
4.69;2023/7/10;22:48:57
4.69;2023/7/10;22:48:59
4.79;2023/7/10;22:49:1
4.79;2023/7/10;22:49:3
4.69;2023/7/10;22:49:5
4.69;2023/7/10;22:49:7
4.69;2023/7/10;22:49:9
4.69;2023/7/10;22:49:11
4.79;2023/7/10;22:49:13
4.79;2023/7/10;22:49:16
4.79;2023/7/10;22:49:18
4.79;2023/7/10;22:49:20
4.69;2023/7/10;22:49:22
4.69;2023/7/10;22:49:24
4.69;2023/7/10;22:49:26
4.69;2023/7/10;22:49:28
4.69;2023/7/10;22:49:30
4.69;2023/7/10;22:49:32
4.69;2023/7/10;22:49:34
4.79;2023/7/10;22:49:36
4.69;2023/7/10;22:49:38
4.79;2023/7/10;22:49:40
4.79;2023/7/10;22:49:43
4.79;2023/7/10;22:49:45
4.69;2023/7/10;22:49:47
4.69;2023/7/10;22:49:49
4.79;2023/7/10;22:49:51
4.79;2023/7/10;22:49:53
4.69;2023/7/10;22:49:55
4.79;2023/7/10;22:49:57
4.69;2023/7/10;22:49:59
4.69;2023/7/10;22:50:1
4.69;2023/7/10;22:50:3
4.69;2023/7/10;22:50:5
4.69;2023/7/10;22:50:7
4.69;2023/7/10;22:50:10
4.69;2023/7/10;22:50:12
4.79;2023/7/10;22:50:14
4.69;2023/7/10;22:50:16
4.69;2023/7/10;22:50:18
4.79;2023/7/10;22:50:20
4.69;2023/7/10;22:50:22
4.69;2023/7/10;22:50:24
4.79;2023/7/10;22:50:26
4.79;2023/7/10;22:50:28
4.69;2023/7/10;22:50:30
4.69;2023/7/10;22:50:32
4.79;2023/7/10;22:50:34
4.69;2023/7/10;22:50:37
4.69;2023/7/10;22:50:39
4.69;2023/7/10;22:50:41
4.69;2023/7/10;22:50:43
4.79;2023/7/10;22:50:45
4.69;2023/7/10;22:50:47
4.69;2023/7/10;22:50:49
4.79;2023/7/10;22:50:51
4.69;2023/7/10;22:50:53
4.69;2023/7/10;22:50:55
4.69;2023/7/10;22:50:57
4.69;2023/7/10;22:50:59
4.69;2023/7/10;22:51:1
4.69;2023/7/10;22:51:3
4.69;2023/7/10;22:51:6
4.69;2023/7/10;22:51:8
4.69;2023/7/10;22:51:10
4.69;2023/7/10;22:51:12
4.69;2023/7/10;22:51:14
4.69;2023/7/10;22:51:16
4.69;2023/7/10;22:51:18
4.79;2023/7/10;22:51:20
4.79;2023/7/10;22:51:23
4.69;2023/7/10;22:51:25
4.69;2023/7/10;22:51:27
4.69;2023/7/10;22:51:29
4.69;2023/7/10;22:51:31
4.69;2023/7/10;22:51:33
4.69;2023/7/10;22:51:35
4.69;2023/7/10;22:51:37
4.79;2023/7/10;22:51:39
4.79;2023/7/10;22:51:42
4.59;2023/7/10;22:51:44
4.69;2023/7/10;22:51:46
4.69;2023/7/10;22:51:48
4.69;2023/7/10;22:51:50
4.69;2023/7/10;22:51:55
4.69;2023/7/10;22:51:55
4.69;2023/7/10;22:51:56
4.69;2023/7/10;22:51:58
4.69;2023/7/10;22:52:0
4.69;2023/7/10;22:52:2
4.69;2023/7/10;22:52:4
4.69;2023/7/10;22:52:7
4.69;2023/7/10;22:52:9
4.69;2023/7/10;22:52:11
4.79;2023/7/10;22:52:13
4.79;2023/7/10;22:52:15
4.79;2023/7/10;22:52:17
4.79;2023/7/10;22:52:19
4.69;2023/7/10;22:52:21
4.79;2023/7/10;22:52:23
4.69;2023/7/10;22:52:25
4.69;2023/7/10;22:52:27
4.69;2023/7/10;22:52:29
4.69;2023/7/10;22:52:31
4.69;2023/7/10;22:52:34
4.79;2023/7/10;22:52:36
4.69;2023/7/10;22:52:38
4.79;2023/7/10;22:52:40
4.69;2023/7/10;22:52:42
4.79;2023/7/10;22:52:44
4.69;2023/7/10;22:52:46
4.69;2023/7/10;22:52:48
4.79;2023/7/10;22:52:50
4.69;2023/7/10;22:52:52
4.69;2023/7/10;22:52:54
4.69;2023/7/10;22:52:56
4.79;2023/7/10;22:52:58
4.69;2023/7/10;22:53:1
4.69;2023/7/10;22:53:3
4.69;2023/7/10;22:53:5
4.69;2023/7/10;22:53:7
4.69;2023/7/10;22:53:9
4.69;2023/7/10;22:53:11
4.69;2023/7/10;22:53:13
4.69;2023/7/10;22:53:18
4.69;2023/7/10;22:53:18
4.69;2023/7/10;22:53:19
4.69;2023/7/10;22:53:21
4.69;2023/7/10;22:53:23
4.69;2023/7/10;22:53:26
4.69;2023/7/10;22:53:28
4.69;2023/7/10;22:53:30
4.79;2023/7/10;22:53:32
4.69;2023/7/10;22:53:34
4.69;2023/7/10;22:53:36
4.69;2023/7/10;22:53:38
4.69;2023/7/10;22:53:40
4.69;2023/7/10;22:53:42
4.69;2023/7/10;22:53:44
4.69;2023/7/10;22:53:46
4.69;2023/7/10;22:53:48
4.69;2023/7/10;22:53:50
4.69;2023/7/10;22:53:53
4.69;2023/7/10;22:53:55
4.69;2023/7/10;22:53:57
4.69;2023/7/10;22:53:59
4.69;2023/7/10;22:54:1
4.79;2023/7/10;22:54:3
4.69;2023/7/10;22:54:5
4.69;2023/7/10;22:54:7
4.69;2023/7/10;22:54:9
4.69;2023/7/10;22:54:11
4.69;2023/7/10;22:54:13
4.69;2023/7/10;22:54:16
4.69;2023/7/10;22:54:18
4.69;2023/7/10;22:54:20
4.69;2023/7/10;22:54:22
4.69;2023/7/10;22:54:24
4.69;2023/7/10;22:54:26
4.69;2023/7/10;22:54:28
4.69;2023/7/10;22:54:30
4.69;2023/7/10;22:54:32
4.69;2023/7/10;22:54:34
4.69;2023/7/10;22:54:36
4.69;2023/7/10;22:54:38
4.69;2023/7/10;22:54:41
4.69;2023/7/10;22:54:43
4.69;2023/7/10;22:54:45
4.69;2023/7/10;22:54:47
4.69;2023/7/10;22:54:49
4.69;2023/7/10;22:54:51
4.69;2023/7/10;22:54:53
4.69;2023/7/10;22:54:55
4.69;2023/7/10;22:54:57
4.79;2023/7/10;22:54:59
4.69;2023/7/10;22:55:1
4.69;2023/7/10;22:55:3
4.69;2023/7/10;22:55:6
4.69;2023/7/10;22:55:8
4.69;2023/7/10;22:55:10
4.69;2023/7/10;22:55:12
4.69;2023/7/10;22:55:14
4.69;2023/7/10;22:55:16
4.69;2023/7/10;22:55:18
4.69;2023/7/10;22:55:20
4.69;2023/7/10;22:55:22
4.69;2023/7/10;22:55:25
4.69;2023/7/10;22:55:27
4.69;2023/7/10;22:55:29
4.69;2023/7/10;22:55:31
4.69;2023/7/10;22:55:33
4.69;2023/7/10;22:55:35
4.69;2023/7/10;22:55:37
4.69;2023/7/10;22:55:39
4.69;2023/7/10;22:55:41
4.69;2023/7/10;22:55:43
4.69;2023/7/10;22:55:45
4.69;2023/7/10;22:55:48
4.69;2023/7/10;22:55:50
4.69;2023/7/10;22:55:52
4.69;2023/7/10;22:55:54
4.69;2023/7/10;22:55:56
4.69;2023/7/10;22:55:58
4.59;2023/7/10;22:56:0
4.69;2023/7/10;22:56:2
4.59;2023/7/10;22:56:4
4.69;2023/7/10;22:56:6
4.69;2023/7/10;22:56:8
4.69;2023/7/10;22:56:11
4.59;2023/7/10;22:56:13
4.69;2023/7/10;22:56:15
4.59;2023/7/10;22:56:17
4.69;2023/7/10;22:56:19
4.69;2023/7/10;22:56:21
4.69;2023/7/10;22:56:23
4.69;2023/7/10;22:56:25
4.69;2023/7/10;22:56:27
4.69;2023/7/10;22:56:29
4.59;2023/7/10;22:56:31
4.69;2023/7/10;22:56:33
4.59;2023/7/10;22:56:36
4.69;2023/7/10;22:56:38
4.69;2023/7/10;22:56:40
4.69;2023/7/10;22:56:42
4.59;2023/7/10;22:56:44
4.69;2023/7/10;22:56:46
4.69;2023/7/10;22:56:48
4.69;2023/7/10;22:56:50
4.69;2023/7/10;22:56:52
4.69;2023/7/10;22:56:54
4.69;2023/7/10;22:56:56
4.69;2023/7/10;22:56:58
4.69;2023/7/10;22:57:1
4.69;2023/7/10;22:57:3
4.69;2023/7/10;22:57:5
4.69;2023/7/10;22:57:7
4.69;2023/7/10;22:57:9
4.69;2023/7/10;22:57:11
4.69;2023/7/10;22:57:13
4.69;2023/7/10;22:57:15
4.69;2023/7/10;22:57:17
4.69;2023/7/10;22:57:19
4.69;2023/7/10;22:57:21
4.69;2023/7/10;22:57:23
4.69;2023/7/10;22:57:26
4.69;2023/7/10;22:57:28
4.69;2023/7/10;22:57:30
4.69;2023/7/10;22:57:32
4.69;2023/7/10;22:57:34
4.69;2023/7/10;22:57:36
4.69;2023/7/10;22:57:38
4.69;2023/7/10;22:57:40
4.69;2023/7/10;22:57:42
4.69;2023/7/10;22:57:44
4.69;2023/7/10;22:57:46
4.69;2023/7/10;22:57:48
4.69;2023/7/10;22:57:51
4.69;2023/7/10;22:57:53
4.69;2023/7/10;22:57:55
4.69;2023/7/10;22:57:57
4.59;2023/7/10;22:57:59
4.69;2023/7/10;22:58:1
4.69;2023/7/10;22:58:3
4.69;2023/7/10;22:58:5
4.69;2023/7/10;22:58:7
4.69;2023/7/10;22:58:9
4.59;2023/7/10;22:58:11
4.69;2023/7/10;22:58:13
4.69;2023/7/10;22:58:16
4.79;2023/7/10;22:58:18
4.69;2023/7/10;22:58:20
4.69;2023/7/10;22:58:22
4.69;2023/7/10;22:58:24
4.69;2023/7/10;22:58:26
4.69;2023/7/10;22:58:28
4.69;2023/7/10;22:58:30
4.69;2023/7/10;22:58:32
4.69;2023/7/10;22:58:34
4.69;2023/7/10;22:58:36
4.69;2023/7/10;22:58:39
4.69;2023/7/10;22:58:41
4.69;2023/7/10;22:58:43
4.69;2023/7/10;22:58:45
4.69;2023/7/10;22:58:47
4.69;2023/7/10;22:58:49
4.69;2023/7/10;22:58:51
4.69;2023/7/10;22:58:53
4.69;2023/7/10;22:58:55
4.59;2023/7/10;22:58:57
4.69;2023/7/10;22:58:59
4.59;2023/7/10;22:59:1
4.69;2023/7/10;22:59:3
4.69;2023/7/10;22:59:6
4.59;2023/7/10;22:59:8
4.69;2023/7/10;22:59:10
4.59;2023/7/10;22:59:12
4.69;2023/7/10;22:59:14
4.69;2023/7/10;22:59:16
4.69;2023/7/10;22:59:19
4.69;2023/7/10;22:59:20
4.69;2023/7/10;22:59:22
4.69;2023/7/10;22:59:24
4.69;2023/7/10;22:59:26
4.69;2023/7/10;22:59:28
4.69;2023/7/10;22:59:31
4.69;2023/7/10;22:59:33
4.69;2023/7/10;22:59:35
4.69;2023/7/10;22:59:37
4.69;2023/7/10;22:59:39
4.69;2023/7/10;22:59:41
4.69;2023/7/10;22:59:43
4.69;2023/7/10;22:59:45
4.69;2023/7/10;22:59:47
4.69;2023/7/10;22:59:49
4.69;2023/7/10;22:59:51
4.59;2023/7/10;22:59:53
4.69;2023/7/10;22:59:56
4.59;2023/7/10;22:59:58
4.59;2023/7/10;23:0:0
4.69;2023/7/10;23:0:2
3.71;2023/7/10;23:0:4
3.71;2023/7/10;23:0:6
4.69;2023/7/10;23:0:8
4.69;2023/7/10;23:0:10
4.69;2023/7/10;23:0:12
4.69;2023/7/10;23:0:14
4.69;2023/7/10;23:0:16
4.69;2023/7/10;23:0:18
4.69;2023/7/10;23:0:21
4.59;2023/7/10;23:0:23
4.59;2023/7/10;23:0:25
4.5;2023/7/10;23:0:27
4.59;2023/7/10;23:0:29
4.59;2023/7/10;23:0:31
4.59;2023/7/10;23:0:33
4.59;2023/7/10;23:0:35
4.59;2023/7/10;23:0:37
4.59;2023/7/10;23:0:39
4.59;2023/7/10;23:0:41
4.59;2023/7/10;23:0:43
4.69;2023/7/10;23:0:46
4.69;2023/7/10;23:0:48
4.69;2023/7/10;23:0:50
4.2;2023/7/10;23:0:52
4.2;2023/7/10;23:0:54
3.62;2023/7/10;23:0:56
3.52;2023/7/10;23:0:58
3.62;2023/7/10;23:1:0
3.52;2023/7/10;23:1:2
3.62;2023/7/10;23:1:5
3.62;2023/7/10;23:1:7
3.71;2023/7/10;23:1:9
3.62;2023/7/10;23:1:11
3.62;2023/7/10;23:1:13
3.52;2023/7/10;23:1:15
3.62;2023/7/10;23:1:17
3.52;2023/7/10;23:1:19
3.62;2023/7/10;23:1:21
3.62;2023/7/10;23:1:23
3.52;2023/7/10;23:1:25
3.52;2023/7/10;23:1:27
3.52;2023/7/10;23:1:30
3.52;2023/7/10;23:1:32
3.52;2023/7/10;23:1:34
3.52;2023/7/10;23:1:36
3.52;2023/7/10;23:1:38
3.52;2023/7/10;23:1:40
3.52;2023/7/10;23:1:42
3.52;2023/7/10;23:1:44
3.52;2023/7/10;23:1:46
3.52;2023/7/10;23:1:48
3.62;2023/7/10;23:1:50
3.52;2023/7/10;23:1:52
3.52;2023/7/10;23:1:55
3.52;2023/7/10;23:1:57
3.52;2023/7/10;23:1:59
3.52;2023/7/10;23:2:1
3.52;2023/7/10;23:2:3
3.32;2023/7/10;23:2:5
3.32;2023/7/10;23:2:7
1.86;2023/7/10;23:2:9
2.05;2023/7/10;23:2:11
2.25;2023/7/10;23:2:13
2.35;2023/7/10;23:2:15
3.42;2023/7/10;23:2:17
3.42;2023/7/10;23:2:20
3.52;2023/7/10;23:2:22
3.52;2023/7/10;23:2:24
3.52;2023/7/10;23:2:26
3.52;2023/7/10;23:2:28
3.42;2023/7/10;23:2:30
3.52;2023/7/10;23:2:32
3.52;2023/7/10;23:2:34
3.52;2023/7/10;23:2:36
3.42;2023/7/10;23:2:38
3.52;2023/7/10;23:2:40
3.52;2023/7/10;23:2:42
3.52;2023/7/10;23:2:44
3.52;2023/7/10;23:2:47
3.52;2023/7/10;23:2:49
3.52;2023/7/10;23:2:51
3.52;2023/7/10;23:2:53
3.52;2023/7/10;23:2:55
3.52;2023/7/10;23:2:57
3.52;2023/7/10;23:2:59
3.52;2023/7/10;23:3:1
3.52;2023/7/10;23:3:3
3.52;2023/7/10;23:3:5
3.52;2023/7/10;23:3:7
3.52;2023/7/10;23:3:9
3.52;2023/7/10;23:3:11
3.52;2023/7/10;23:3:14
3.52;2023/7/10;23:3:16
3.52;2023/7/10;23:3:18
3.52;2023/7/10;23:3:20
3.52;2023/7/10;23:3:22
3.52;2023/7/10;23:3:24
3.52;2023/7/10;23:3:26
3.52;2023/7/10;23:3:28
3.52;2023/7/10;23:3:30
3.52;2023/7/10;23:3:32
3.52;2023/7/10;23:3:34
3.52;2023/7/10;23:3:36
3.62;2023/7/10;23:3:39
3.52;2023/7/10;23:3:41
3.52;2023/7/10;23:3:43
3.52;2023/7/10;23:3:45
3.42;2023/7/10;23:3:47
3.42;2023/7/10;23:3:49
3.42;2023/7/10;23:3:51
3.42;2023/7/10;23:3:53
3.42;2023/7/10;23:3:55
3.42;2023/7/10;23:3:57
1.66;2023/7/10;23:3:59
2.05;2023/7/10;23:4:1
2.05;2023/7/10;23:4:4
2.05;2023/7/10;23:4:6
2.05;2023/7/10;23:4:8
2.15;2023/7/10;23:4:10
2.15;2023/7/10;23:4:12
1.37;2023/7/10;23:4:14
3.42;2023/7/10;23:4:16
3.52;2023/7/10;23:4:18
3.52;2023/7/10;23:4:20
3.52;2023/7/10;23:4:22
3.52;2023/7/10;23:4:24
3.52;2023/7/10;23:4:26
3.52;2023/7/10;23:4:29
3.42;2023/7/10;23:4:31
3.52;2023/7/10;23:4:33
3.52;2023/7/10;23:4:35
3.52;2023/7/10;23:4:37
3.52;2023/7/10;23:4:39
3.52;2023/7/10;23:4:41
3.52;2023/7/10;23:4:43
3.62;2023/7/10;23:4:45
3.62;2023/7/10;23:4:47
3.52;2023/7/10;23:4:49
3.52;2023/7/10;23:4:51
3.52;2023/7/10;23:4:54
3.52;2023/7/10;23:4:56
3.52;2023/7/10;23:4:58
3.52;2023/7/10;23:5:0
3.23;2023/7/10;23:5:2
2.35;2023/7/10;23:5:4
3.42;2023/7/10;23:5:6
3.42;2023/7/10;23:5:8
3.42;2023/7/10;23:5:10
3.52;2023/7/10;23:5:12
3.52;2023/7/10;23:5:14
3.52;2023/7/10;23:5:16
3.52;2023/7/10;23:5:18
3.52;2023/7/10;23:5:20
3.52;2023/7/10;23:5:23
3.52;2023/7/10;23:5:25
3.42;2023/7/10;23:5:27
3.52;2023/7/10;23:5:29
3.52;2023/7/10;23:5:31
3.42;2023/7/10;23:5:33
3.62;2023/7/10;23:5:35
3.52;2023/7/10;23:5:37
3.62;2023/7/10;23:5:39
3.52;2023/7/10;23:5:41
3.52;2023/7/10;23:5:43
3.62;2023/7/10;23:5:45
3.52;2023/7/10;23:5:48
3.52;2023/7/10;23:5:50
3.52;2023/7/10;23:5:52
3.52;2023/7/10;23:5:54
3.52;2023/7/10;23:5:56
3.52;2023/7/10;23:5:58
3.52;2023/7/10;23:6:0
3.52;2023/7/10;23:6:2
1.37;2023/7/10;23:6:4
3.52;2023/7/10;23:6:6
3.42;2023/7/10;23:6:8
3.52;2023/7/10;23:6:10
3.52;2023/7/10;23:6:12
3.52;2023/7/10;23:6:15
3.52;2023/7/10;23:6:17
3.52;2023/7/10;23:6:19
3.42;2023/7/10;23:6:21
3.52;2023/7/10;23:6:23
3.52;2023/7/10;23:6:25
3.52;2023/7/10;23:6:27
3.52;2023/7/10;23:6:29
3.52;2023/7/10;23:6:31
3.52;2023/7/10;23:6:33
3.52;2023/7/10;23:6:35
3.32;2023/7/10;23:6:37
3.52;2023/7/10;23:6:40
3.52;2023/7/10;23:6:42
3.62;2023/7/10;23:6:44
3.52;2023/7/10;23:6:46
3.52;2023/7/10;23:6:48
3.52;2023/7/10;23:6:50
3.52;2023/7/10;23:6:52
3.52;2023/7/10;23:6:54
3.52;2023/7/10;23:6:56
3.52;2023/7/10;23:6:58
3.52;2023/7/10;23:7:0
3.62;2023/7/10;23:7:2
3.52;2023/7/10;23:7:5
3.52;2023/7/10;23:7:7
3.52;2023/7/10;23:7:9
3.52;2023/7/10;23:7:11
3.52;2023/7/10;23:7:13
3.52;2023/7/10;23:7:15
3.52;2023/7/10;23:7:17
3.52;2023/7/10;23:7:19
3.52;2023/7/10;23:7:21
3.52;2023/7/10;23:7:23
3.52;2023/7/10;23:7:25
3.52;2023/7/10;23:7:27
3.52;2023/7/10;23:7:29
3.52;2023/7/10;23:7:32
3.52;2023/7/10;23:7:34
3.52;2023/7/10;23:7:36
3.52;2023/7/10;23:7:38
3.62;2023/7/10;23:7:40
3.52;2023/7/10;23:7:42
3.52;2023/7/10;23:7:44
3.62;2023/7/10;23:7:46
3.52;2023/7/10;23:7:48
3.52;2023/7/10;23:7:50
3.52;2023/7/10;23:7:52
3.52;2023/7/10;23:7:54
3.52;2023/7/10;23:7:57
3.52;2023/7/10;23:7:59
3.62;2023/7/10;23:8:1
3.52;2023/7/10;23:8:3
3.52;2023/7/10;23:8:5
3.52;2023/7/10;23:8:7
3.42;2023/7/10;23:8:9
3.52;2023/7/10;23:8:11
3.52;2023/7/10;23:8:13
3.52;2023/7/10;23:8:15
3.52;2023/7/10;23:8:17
3.52;2023/7/10;23:8:19
3.52;2023/7/10;23:8:21
3.52;2023/7/10;23:8:24
3.42;2023/7/10;23:8:26
3.52;2023/7/10;23:8:28
3.52;2023/7/10;23:8:30
3.52;2023/7/10;23:8:32
3.52;2023/7/10;23:8:34
3.42;2023/7/10;23:8:36
3.52;2023/7/10;23:8:38
3.42;2023/7/10;23:8:40
3.52;2023/7/10;23:8:42
3.52;2023/7/10;23:8:44
3.42;2023/7/10;23:8:46
3.42;2023/7/10;23:8:49
3.52;2023/7/10;23:8:51
3.52;2023/7/10;23:8:53
3.52;2023/7/10;23:8:55
3.52;2023/7/10;23:8:57
3.42;2023/7/10;23:8:59
3.52;2023/7/10;23:9:1
3.52;2023/7/10;23:9:3
3.52;2023/7/10;23:9:5
3.52;2023/7/10;23:9:7
3.52;2023/7/10;23:9:9
3.52;2023/7/10;23:9:11
3.52;2023/7/10;23:9:13
3.52;2023/7/10;23:9:16
3.52;2023/7/10;23:9:18
3.52;2023/7/10;23:9:21
3.52;2023/7/10;23:9:22
3.42;2023/7/10;23:9:24
3.52;2023/7/10;23:9:26
3.42;2023/7/10;23:9:28
3.52;2023/7/10;23:9:30
3.42;2023/7/10;23:9:32
3.42;2023/7/10;23:9:34
3.42;2023/7/10;23:9:36
3.32;2023/7/10;23:9:38
3.52;2023/7/10;23:9:41
3.42;2023/7/10;23:9:43
3.42;2023/7/10;23:9:45
3.52;2023/7/10;23:9:47
3.52;2023/7/10;23:9:49
3.42;2023/7/10;23:9:51
3.42;2023/7/10;23:9:53
3.52;2023/7/10;23:9:55
3.42;2023/7/10;23:9:57
3.42;2023/7/10;23:9:59
3.52;2023/7/10;23:10:1
3.62;2023/7/10;23:10:3
3.42;2023/7/10;23:10:6
3.52;2023/7/10;23:10:8
3.42;2023/7/10;23:10:10
3.52;2023/7/10;23:10:12
3.42;2023/7/10;23:10:14
1.86;2023/7/10;23:10:16
3.23;2023/7/10;23:10:18
3.52;2023/7/10;23:10:20
3.52;2023/7/10;23:10:22
3.52;2023/7/10;23:10:24
3.52;2023/7/10;23:10:26
3.52;2023/7/10;23:10:28
3.52;2023/7/10;23:10:31
3.52;2023/7/10;23:10:33
3.62;2023/7/10;23:10:35
3.52;2023/7/10;23:10:37
3.52;2023/7/10;23:10:39
3.42;2023/7/10;23:10:41
3.52;2023/7/10;23:10:43
3.52;2023/7/10;23:10:46
3.52;2023/7/10;23:10:47
3.52;2023/7/10;23:10:49
3.52;2023/7/10;23:10:51
3.52;2023/7/10;23:10:53
3.62;2023/7/10;23:10:56
3.52;2023/7/10;23:10:58
3.52;2023/7/10;23:11:0
3.52;2023/7/10;23:11:2
3.42;2023/7/10;23:11:4
3.42;2023/7/10;23:11:6
3.52;2023/7/10;23:11:8
3.42;2023/7/10;23:11:10
3.42;2023/7/10;23:11:12
3.03;2023/7/10;23:11:14
2.93;2023/7/10;23:11:16
3.42;2023/7/10;23:11:18
3.42;2023/7/10;23:11:21
3.52;2023/7/10;23:11:23
3.52;2023/7/10;23:11:25
3.32;2023/7/10;23:11:27
3.52;2023/7/10;23:11:29
3.42;2023/7/10;23:11:31
3.52;2023/7/10;23:11:33
3.42;2023/7/10;23:11:35
3.52;2023/7/10;23:11:37
3.42;2023/7/10;23:11:39
3.52;2023/7/10;23:11:41
3.52;2023/7/10;23:11:43
3.52;2023/7/10;23:11:46
3.52;2023/7/10;23:11:48
3.42;2023/7/10;23:11:50
3.52;2023/7/10;23:11:52
3.52;2023/7/10;23:11:54
3.42;2023/7/10;23:11:56
3.52;2023/7/10;23:11:58
3.42;2023/7/10;23:12:0
3.52;2023/7/10;23:12:2
3.52;2023/7/10;23:12:4
3.62;2023/7/10;23:12:6
3.52;2023/7/10;23:12:8
3.52;2023/7/10;23:12:10
3.52;2023/7/10;23:12:13
3.52;2023/7/10;23:12:15
3.52;2023/7/10;23:12:17
3.42;2023/7/10;23:12:19
3.52;2023/7/10;23:12:21
3.42;2023/7/10;23:12:23
3.52;2023/7/10;23:12:25
3.52;2023/7/10;23:12:27
3.42;2023/7/10;23:12:29
3.52;2023/7/10;23:12:31
3.52;2023/7/10;23:12:33
3.52;2023/7/10;23:12:35
3.52;2023/7/10;23:12:38
3.52;2023/7/10;23:12:40
3.42;2023/7/10;23:12:42
3.52;2023/7/10;23:12:44
3.52;2023/7/10;23:12:46
3.52;2023/7/10;23:12:48
3.52;2023/7/10;23:12:50
3.52;2023/7/10;23:12:52
3.52;2023/7/10;23:12:54
3.52;2023/7/10;23:12:57
3.52;2023/7/10;23:12:58
3.52;2023/7/10;23:13:0
3.52;2023/7/10;23:13:2
3.52;2023/7/10;23:13:5
3.52;2023/7/10;23:13:7
3.52;2023/7/10;23:13:9
3.52;2023/7/10;23:13:14
3.52;2023/7/10;23:13:14
3.52;2023/7/10;23:13:15
3.52;2023/7/10;23:13:17
3.52;2023/7/10;23:13:19
3.52;2023/7/10;23:13:21
3.42;2023/7/10;23:13:23
3.52;2023/7/10;23:13:25
3.52;2023/7/10;23:13:27
3.52;2023/7/10;23:13:30
3.52;2023/7/10;23:13:32
3.42;2023/7/10;23:13:34
3.52;2023/7/10;23:13:36
3.52;2023/7/10;23:13:38
3.52;2023/7/10;23:13:40
3.42;2023/7/10;23:13:42
3.52;2023/7/10;23:13:44
3.42;2023/7/10;23:13:46
3.52;2023/7/10;23:13:48
3.42;2023/7/10;23:13:50
3.42;2023/7/10;23:13:52
3.52;2023/7/10;23:13:54
3.52;2023/7/10;23:13:57
3.42;2023/7/10;23:13:59
3.52;2023/7/10;23:14:1
3.42;2023/7/10;23:14:3
2.15;2023/7/10;23:14:5
1.96;2023/7/10;23:14:7
2.05;2023/7/10;23:14:9
2.05;2023/7/10;23:14:11
3.23;2023/7/10;23:14:13
3.42;2023/7/10;23:14:15
3.42;2023/7/10;23:14:17
3.42;2023/7/10;23:14:19
3.52;2023/7/10;23:14:22
3.52;2023/7/10;23:14:24
3.42;2023/7/10;23:14:26
4.69;2023/7/10;23:14:28
4.69;2023/7/10;23:14:30
4.69;2023/7/10;23:14:32
4.79;2023/7/10;23:14:34
4.79;2023/7/10;23:14:36
4.79;2023/7/10;23:14:42
4.79;2023/7/10;23:14:42
4.79;2023/7/10;23:14:42
4.79;2023/7/10;23:14:45
4.79;2023/7/10;23:14:47
4.79;2023/7/10;23:14:49
4.79;2023/7/10;23:14:51
4.79;2023/7/10;23:14:53
4.79;2023/7/10;23:14:55
4.79;2023/7/10;23:14:57
4.2;2023/7/10;23:14:59
4.3;2023/7/10;23:15:1
3.62;2023/7/10;23:15:3
3.52;2023/7/10;23:15:6
3.52;2023/7/10;23:15:8
3.52;2023/7/10;23:15:10
3.62;2023/7/10;23:15:12
3.52;2023/7/10;23:15:14
3.52;2023/7/10;23:15:16
3.42;2023/7/10;23:15:18
3.52;2023/7/10;23:15:20
3.52;2023/7/10;23:15:22
3.52;2023/7/10;23:15:25
3.52;2023/7/10;23:15:27
3.52;2023/7/10;23:15:29
3.52;2023/7/10;23:15:31
3.52;2023/7/10;23:15:33
3.52;2023/7/10;23:15:35
3.52;2023/7/10;23:15:38
3.52;2023/7/10;23:15:40
3.52;2023/7/10;23:15:42
3.42;2023/7/10;23:15:44
3.52;2023/7/10;23:15:46
3.52;2023/7/10;23:15:48
3.52;2023/7/10;23:15:50
3.42;2023/7/10;23:15:52
3.52;2023/7/10;23:15:59
3.52;2023/7/10;23:15:59
3.52;2023/7/10;23:15:59
3.52;2023/7/10;23:16:1
3.52;2023/7/10;23:16:3
3.42;2023/7/10;23:16:5
3.52;2023/7/10;23:16:7
3.62;2023/7/10;23:16:9
3.52;2023/7/10;23:16:11
3.52;2023/7/10;23:16:13
3.62;2023/7/10;23:16:15
3.52;2023/7/10;23:16:18
3.52;2023/7/10;23:16:20
3.62;2023/7/10;23:16:22
3.52;2023/7/10;23:16:24
3.52;2023/7/10;23:16:26
3.52;2023/7/10;23:16:28
3.42;2023/7/10;23:16:30
3.52;2023/7/10;23:16:32
3.52;2023/7/10;23:16:34
4.79;2023/7/10;23:16:36
4.79;2023/7/10;23:16:39
4.79;2023/7/10;23:16:41
4.79;2023/7/10;23:16:43
4.79;2023/7/10;23:16:45
4.89;2023/7/10;23:16:47
4.79;2023/7/10;23:16:49
4.79;2023/7/10;23:16:51
4.89;2023/7/10;23:16:53
4.79;2023/7/10;23:16:55
4.69;2023/7/10;23:16:57
4.79;2023/7/10;23:16:59
4.69;2023/7/10;23:17:2
4.3;2023/7/10;23:17:4
4.2;2023/7/10;23:17:6
4.3;2023/7/10;23:17:8
4.2;2023/7/10;23:17:10
3.52;2023/7/10;23:17:12
3.52;2023/7/10;23:17:14
3.62;2023/7/10;23:17:17
3.52;2023/7/10;23:17:19
3.62;2023/7/10;23:17:21
3.52;2023/7/10;23:17:23
3.52;2023/7/10;23:17:25
3.52;2023/7/10;23:17:27
3.52;2023/7/10;23:17:29
3.52;2023/7/10;23:17:31
3.52;2023/7/10;23:17:33
3.62;2023/7/10;23:17:35
3.52;2023/7/10;23:17:37
3.52;2023/7/10;23:17:40
3.52;2023/7/10;23:17:42
3.52;2023/7/10;23:17:44
3.52;2023/7/10;23:17:46
3.62;2023/7/10;23:17:48
3.62;2023/7/10;23:17:50
3.62;2023/7/10;23:17:52
3.62;2023/7/10;23:17:54
3.52;2023/7/10;23:17:56
3.62;2023/7/10;23:17:58
3.52;2023/7/10;23:18:0
3.62;2023/7/10;23:18:2
3.62;2023/7/10;23:18:5
3.52;2023/7/10;23:18:7
3.62;2023/7/10;23:18:9
3.62;2023/7/10;23:18:11
3.52;2023/7/10;23:18:13
3.52;2023/7/10;23:18:15
3.52;2023/7/10;23:18:17
3.62;2023/7/10;23:18:19
3.52;2023/7/10;23:18:21
3.62;2023/7/10;23:18:23
3.62;2023/7/10;23:18:25
3.52;2023/7/10;23:18:28
3.62;2023/7/10;23:18:30
3.62;2023/7/10;23:18:32
3.52;2023/7/10;23:18:34
3.52;2023/7/10;23:18:36
3.52;2023/7/10;23:18:38
3.62;2023/7/10;23:18:40
3.62;2023/7/10;23:18:42
3.52;2023/7/10;23:18:44
3.52;2023/7/10;23:18:46
3.52;2023/7/10;23:18:48
3.62;2023/7/10;23:18:50
3.62;2023/7/10;23:18:53
3.62;2023/7/10;23:18:55
3.52;2023/7/10;23:18:57
3.62;2023/7/10;23:18:59
3.52;2023/7/10;23:19:1
3.52;2023/7/10;23:19:3
3.62;2023/7/10;23:19:5
3.52;2023/7/10;23:19:8
3.52;2023/7/10;23:19:9
3.62;2023/7/10;23:19:11
3.52;2023/7/10;23:19:13
3.62;2023/7/10;23:19:15
3.62;2023/7/10;23:19:18
3.52;2023/7/10;23:19:20
3.62;2023/7/10;23:19:22
3.52;2023/7/10;23:19:24
3.62;2023/7/10;23:19:26
3.52;2023/7/10;23:19:28
3.52;2023/7/10;23:19:30
3.52;2023/7/10;23:19:32
3.52;2023/7/10;23:19:34
3.62;2023/7/10;23:19:36
3.52;2023/7/10;23:19:38
3.52;2023/7/10;23:19:40
3.52;2023/7/10;23:19:43
3.62;2023/7/10;23:19:45
3.52;2023/7/10;23:19:47
3.52;2023/7/10;23:19:49
3.62;2023/7/10;23:19:51
3.52;2023/7/10;23:19:53
3.52;2023/7/10;23:19:55
3.52;2023/7/10;23:19:57
3.62;2023/7/10;23:19:59
3.52;2023/7/10;23:20:5
3.52;2023/7/10;23:20:5
3.52;2023/7/10;23:20:5
3.62;2023/7/10;23:20:7
3.62;2023/7/10;23:20:10
3.52;2023/7/10;23:20:12
3.62;2023/7/10;23:20:14
3.52;2023/7/10;23:20:16
3.52;2023/7/10;23:20:18
3.52;2023/7/10;23:20:20
3.52;2023/7/10;23:20:22
3.52;2023/7/10;23:20:24
3.52;2023/7/10;23:20:26
3.62;2023/7/10;23:20:28
3.52;2023/7/10;23:20:30
3.62;2023/7/10;23:20:32
3.52;2023/7/10;23:20:35
3.62;2023/7/10;23:20:37
3.62;2023/7/10;23:20:39
3.52;2023/7/10;23:20:41
3.52;2023/7/10;23:20:43
3.52;2023/7/10;23:20:45
3.52;2023/7/10;23:20:47
3.52;2023/7/10;23:20:49
3.62;2023/7/10;23:20:51
3.62;2023/7/10;23:20:53
3.62;2023/7/10;23:20:55
3.52;2023/7/10;23:20:57
3.52;2023/7/10;23:21:0
3.52;2023/7/10;23:21:2
3.52;2023/7/10;23:21:4
3.62;2023/7/10;23:21:6
3.62;2023/7/10;23:21:8
3.62;2023/7/10;23:21:10
3.52;2023/7/10;23:21:12
3.52;2023/7/10;23:21:14
3.52;2023/7/10;23:21:16
3.62;2023/7/10;23:21:18
3.52;2023/7/10;23:21:25
3.52;2023/7/10;23:21:25
3.52;2023/7/10;23:21:25
3.62;2023/7/10;23:21:27
3.52;2023/7/10;23:21:29
3.62;2023/7/10;23:21:31
3.52;2023/7/10;23:21:33
3.62;2023/7/10;23:21:35
3.62;2023/7/10;23:21:37
3.52;2023/7/10;23:21:39
3.62;2023/7/10;23:21:41
3.62;2023/7/10;23:21:44
3.52;2023/7/10;23:21:45
3.62;2023/7/10;23:21:47
3.62;2023/7/10;23:21:50
3.62;2023/7/10;23:21:52
3.52;2023/7/10;23:21:54
3.52;2023/7/10;23:21:56
3.62;2023/7/10;23:21:58
3.62;2023/7/10;23:22:0
3.52;2023/7/10;23:22:2
3.52;2023/7/10;23:22:4
3.62;2023/7/10;23:22:6
3.52;2023/7/10;23:22:8
3.62;2023/7/10;23:22:10
3.52;2023/7/10;23:22:12
3.52;2023/7/10;23:22:15
3.52;2023/7/10;23:22:17
3.62;2023/7/10;23:22:19
3.62;2023/7/10;23:22:21
3.52;2023/7/10;23:22:23
3.62;2023/7/10;23:22:25
3.62;2023/7/10;23:22:27
3.52;2023/7/10;23:22:29
3.62;2023/7/10;23:22:31
3.62;2023/7/10;23:22:33
3.52;2023/7/10;23:22:35
3.52;2023/7/10;23:22:37
3.62;2023/7/10;23:22:40
3.52;2023/7/10;23:22:42
3.52;2023/7/10;23:22:44
3.62;2023/7/10;23:22:46
3.62;2023/7/10;23:22:48
3.52;2023/7/10;23:22:50
3.62;2023/7/10;23:22:52
3.62;2023/7/10;23:22:54
3.52;2023/7/10;23:22:56
3.62;2023/7/10;23:22:58
3.52;2023/7/10;23:23:0
3.62;2023/7/10;23:23:2
3.62;2023/7/10;23:23:5
3.62;2023/7/10;23:23:7
3.62;2023/7/10;23:23:9
3.52;2023/7/10;23:23:11
3.52;2023/7/10;23:23:13
3.52;2023/7/10;23:23:15
3.62;2023/7/10;23:23:23
3.52;2023/7/10;23:23:23
3.62;2023/7/10;23:23:23
3.52;2023/7/10;23:23:23
3.62;2023/7/10;23:23:25
3.52;2023/7/10;23:23:27
3.52;2023/7/10;23:23:30
3.52;2023/7/10;23:23:32
3.52;2023/7/10;23:23:34
3.52;2023/7/10;23:23:36
3.52;2023/7/10;23:23:38
3.62;2023/7/10;23:23:40
3.52;2023/7/10;23:23:42
3.52;2023/7/10;23:23:44
3.52;2023/7/10;23:23:46
3.52;2023/7/10;23:23:48
3.52;2023/7/10;23:23:50
3.62;2023/7/10;23:23:52
3.52;2023/7/10;23:23:55
3.52;2023/7/10;23:23:57
3.62;2023/7/10;23:23:59
3.52;2023/7/10;23:24:1
3.52;2023/7/10;23:24:3
3.52;2023/7/10;23:24:5
3.62;2023/7/10;23:24:7
3.62;2023/7/10;23:24:9
3.62;2023/7/10;23:24:11
3.62;2023/7/10;23:24:13
3.52;2023/7/10;23:24:15
3.62;2023/7/10;23:24:17
3.52;2023/7/10;23:24:20
3.52;2023/7/10;23:24:22
3.62;2023/7/10;23:24:24
3.62;2023/7/10;23:24:26
3.62;2023/7/10;23:24:28
3.52;2023/7/10;23:24:30
3.62;2023/7/10;23:24:32
3.52;2023/7/10;23:24:34
3.52;2023/7/10;23:24:36
3.62;2023/7/10;23:24:38
3.52;2023/7/10;23:24:40
3.62;2023/7/10;23:24:42
3.52;2023/7/10;23:24:45
3.62;2023/7/10;23:24:47
3.52;2023/7/10;23:24:49
3.62;2023/7/10;23:24:51
3.52;2023/7/10;23:24:53
3.62;2023/7/10;23:24:58
3.52;2023/7/10;23:24:58
32.06;2023/7/10;23:24:59
43.4;2023/7/10;23:25:1
37.93;2023/7/10;23:25:3
3.52;2023/7/10;23:25:5
3.52;2023/7/10;23:25:7
3.62;2023/7/10;23:25:10
3.62;2023/7/10;23:25:12
3.62;2023/7/10;23:25:14
3.52;2023/7/10;23:25:16
3.52;2023/7/10;23:25:18
3.52;2023/7/10;23:25:20
3.62;2023/7/10;23:25:22
3.52;2023/7/10;23:25:24
3.62;2023/7/10;23:25:26
3.62;2023/7/10;23:25:28
3.52;2023/7/10;23:25:30
3.52;2023/7/10;23:25:32
3.62;2023/7/10;23:25:35
3.52;2023/7/10;23:25:37
3.62;2023/7/10;23:25:39
3.52;2023/7/10;23:25:41
3.62;2023/7/10;23:25:43
3.62;2023/7/10;23:25:45
3.52;2023/7/10;23:25:47
3.52;2023/7/10;23:25:49
3.52;2023/7/10;23:25:51
3.62;2023/7/10;23:25:53
3.62;2023/7/10;23:25:55
3.52;2023/7/10;23:25:57
3.62;2023/7/10;23:26:0
3.52;2023/7/10;23:26:2
3.52;2023/7/10;23:26:4
3.62;2023/7/10;23:26:6
3.62;2023/7/10;23:26:8
3.52;2023/7/10;23:26:10
3.62;2023/7/10;23:26:12
3.52;2023/7/10;23:26:18
3.62;2023/7/10;23:26:18
3.52;2023/7/10;23:26:18
3.52;2023/7/10;23:26:20
3.52;2023/7/10;23:26:22
3.52;2023/7/10;23:26:25
3.42;2023/7/10;23:26:27
3.62;2023/7/10;23:26:29
3.52;2023/7/10;23:26:31
3.62;2023/7/10;23:26:33
3.62;2023/7/10;23:26:35
3.52;2023/7/10;23:26:37
3.62;2023/7/10;23:26:39
3.52;2023/7/10;23:26:41
3.62;2023/7/10;23:26:43
3.62;2023/7/10;23:26:45
3.52;2023/7/10;23:26:47
3.52;2023/7/10;23:26:50
3.62;2023/7/10;23:26:52
3.62;2023/7/10;23:26:54
3.52;2023/7/10;23:26:56
3.62;2023/7/10;23:26:58
3.62;2023/7/10;23:27:0
3.62;2023/7/10;23:27:2
3.52;2023/7/10;23:27:4
3.52;2023/7/10;23:27:6
3.62;2023/7/10;23:27:8
3.52;2023/7/10;23:27:10
3.62;2023/7/10;23:27:12
3.52;2023/7/10;23:27:14
3.62;2023/7/10;23:27:17
3.62;2023/7/10;23:27:19
3.62;2023/7/10;23:27:21
3.62;2023/7/10;23:27:23
3.52;2023/7/10;23:27:25
3.52;2023/7/10;23:27:27
3.52;2023/7/10;23:27:29
3.52;2023/7/10;23:27:31
3.52;2023/7/10;23:27:33
3.52;2023/7/10;23:27:35
3.62;2023/7/10;23:27:37
3.52;2023/7/10;23:27:39
3.52;2023/7/10;23:27:42
3.52;2023/7/10;23:27:44
3.52;2023/7/10;23:27:46
3.52;2023/7/10;23:27:48
3.52;2023/7/10;23:27:50
3.62;2023/7/10;23:27:52
3.52;2023/7/10;23:27:54
3.52;2023/7/10;23:27:56
3.52;2023/7/10;23:27:58
3.62;2023/7/10;23:28:3
3.52;2023/7/10;23:28:3
3.62;2023/7/10;23:28:4
3.52;2023/7/10;23:28:7
3.52;2023/7/10;23:28:9
3.62;2023/7/10;23:28:11
3.62;2023/7/10;23:28:13
3.52;2023/7/10;23:28:15
3.52;2023/7/10;23:28:17
3.52;2023/7/10;23:28:19
3.52;2023/7/10;23:28:21
3.62;2023/7/10;23:28:23
3.52;2023/7/10;23:28:25
3.52;2023/7/10;23:28:27
3.52;2023/7/10;23:28:29
3.62;2023/7/10;23:28:32
3.62;2023/7/10;23:28:34
3.62;2023/7/10;23:28:36
3.52;2023/7/10;23:28:38
3.52;2023/7/10;23:28:40
3.52;2023/7/10;23:28:42
3.52;2023/7/10;23:28:44
3.52;2023/7/10;23:28:46
3.62;2023/7/10;23:28:48
3.62;2023/7/10;23:28:50
3.52;2023/7/10;23:28:52
3.52;2023/7/10;23:28:54
3.52;2023/7/10;23:28:57
3.52;2023/7/10;23:28:59
3.62;2023/7/10;23:29:1
3.52;2023/7/10;23:29:3
3.52;2023/7/10;23:29:5
3.62;2023/7/10;23:29:7
3.52;2023/7/10;23:29:9
3.62;2023/7/10;23:29:11
3.52;2023/7/10;23:29:13
3.62;2023/7/10;23:29:21
3.52;2023/7/10;23:29:21
3.52;2023/7/10;23:29:21
3.52;2023/7/10;23:29:22
3.62;2023/7/10;23:29:24
3.52;2023/7/10;23:29:26
3.52;2023/7/11;5:53:0
3.52;2023/7/11;5:53:1
4.79;2023/7/11;5:53:3
4.79;2023/7/11;5:53:5
4.69;2023/7/11;5:53:7
4.79;2023/7/11;5:53:9
4.89;2023/7/11;5:53:11
4.79;2023/7/11;5:53:13
4.79;2023/7/11;5:53:15
4.79;2023/7/11;5:53:17
4.79;2023/7/11;5:53:19
4.79;2023/7/11;5:53:21
4.79;2023/7/11;5:53:23
4.79;2023/7/11;5:53:26
4.79;2023/7/11;5:53:28
4.79;2023/7/11;5:53:30
4.79;2023/7/11;5:53:32
4.79;2023/7/11;5:53:34
4.79;2023/7/11;5:53:36
4.79;2023/7/11;5:53:38
4.79;2023/7/11;5:53:40
4.79;2023/7/11;5:53:42
4.79;2023/7/11;5:53:44
4.79;2023/7/11;5:53:47
4.79;2023/7/11;5:53:48
4.79;2023/7/11;5:53:51
4.79;2023/7/11;5:53:53
4.79;2023/7/11;5:53:55
4.79;2023/7/11;5:53:57
4.79;2023/7/11;5:53:59
4.69;2023/7/11;5:54:1
4.79;2023/7/11;5:54:3
4.79;2023/7/11;5:54:5
4.79;2023/7/11;5:54:7
4.89;2023/7/11;5:54:9
4.79;2023/7/11;5:54:11
4.79;2023/7/11;5:54:13
4.79;2023/7/11;5:54:16
4.79;2023/7/11;5:54:18
4.79;2023/7/11;5:54:25
4.79;2023/7/11;5:54:25
4.79;2023/7/11;5:54:25
4.79;2023/7/11;5:54:26
4.79;2023/7/11;5:54:28
4.79;2023/7/11;5:54:30
4.79;2023/7/11;5:54:32
4.79;2023/7/11;5:54:34
4.79;2023/7/11;5:54:36
4.69;2023/7/11;5:54:38
4.79;2023/7/11;5:54:41
4.79;2023/7/11;5:54:43
4.79;2023/7/11;5:54:45
4.79;2023/7/11;5:54:47
4.79;2023/7/11;5:54:49
4.79;2023/7/11;5:54:51
4.69;2023/7/11;5:54:53
4.79;2023/7/11;5:54:55
4.79;2023/7/11;5:54:57
4.79;2023/7/11;5:54:59
4.79;2023/7/11;5:55:1
4.79;2023/7/11;5:55:3
4.79;2023/7/11;5:55:5
4.79;2023/7/11;5:55:8
4.79;2023/7/11;5:55:10
4.79;2023/7/11;5:55:12
4.79;2023/7/11;5:55:14
4.79;2023/7/11;5:55:16
4.79;2023/7/11;5:55:18
4.69;2023/7/11;5:55:20
4.79;2023/7/11;5:55:22
4.79;2023/7/11;5:55:24
4.79;2023/7/11;5:55:26
4.79;2023/7/11;5:55:28
4.79;2023/7/11;5:55:30
4.79;2023/7/11;5:55:33
4.79;2023/7/11;5:55:35
4.79;2023/7/11;5:55:37
4.79;2023/7/11;5:55:39
4.79;2023/7/11;5:55:41
4.79;2023/7/11;5:55:43
4.79;2023/7/11;5:55:45
4.79;2023/7/11;5:55:47
4.79;2023/7/11;5:55:49
4.79;2023/7/11;5:55:51
4.79;2023/7/11;5:55:53
4.79;2023/7/11;5:55:55
4.79;2023/7/11;5:55:58
4.79;2023/7/11;5:56:0
4.79;2023/7/11;5:56:2
4.79;2023/7/11;5:56:4
4.79;2023/7/11;5:56:6
4.79;2023/7/11;5:56:8
4.79;2023/7/11;5:56:10
4.79;2023/7/11;5:56:12
4.79;2023/7/11;5:56:14
4.79;2023/7/11;5:56:16
4.79;2023/7/11;5:56:18
4.79;2023/7/11;5:56:20
4.79;2023/7/11;5:56:23
4.79;2023/7/11;5:56:25
4.69;2023/7/11;5:56:27
4.69;2023/7/11;5:56:29
4.69;2023/7/11;5:56:31
4.79;2023/7/11;5:56:33
4.79;2023/7/11;5:56:35
4.79;2023/7/11;5:56:37
4.79;2023/7/11;5:56:39
4.69;2023/7/11;5:56:41
4.79;2023/7/11;5:56:43
4.69;2023/7/11;5:56:45
4.79;2023/7/11;5:56:47
4.3;2023/7/11;5:56:50
4.2;2023/7/11;5:56:52
4.3;2023/7/11;5:56:54
4.3;2023/7/11;5:56:56
3.62;2023/7/11;5:56:58
3.62;2023/7/11;5:57:0
3.52;2023/7/11;5:57:2
3.52;2023/7/11;5:57:4
3.62;2023/7/11;5:57:6
3.52;2023/7/11;5:57:8
3.62;2023/7/11;5:57:10
3.52;2023/7/11;5:57:12
3.62;2023/7/11;5:57:15
3.52;2023/7/11;5:57:17
3.52;2023/7/11;5:57:19
3.42;2023/7/11;5:57:21
3.52;2023/7/11;5:57:23
3.52;2023/7/11;5:57:25
3.52;2023/7/11;5:57:27
3.42;2023/7/11;5:57:29
3.52;2023/7/11;5:57:31
3.52;2023/7/11;5:57:33
3.52;2023/7/11;5:57:35
3.52;2023/7/11;5:57:38
3.42;2023/7/11;5:57:40
3.52;2023/7/11;5:57:42
3.52;2023/7/11;5:57:44
3.42;2023/7/11;5:57:46
3.42;2023/7/11;5:57:48
3.52;2023/7/11;5:57:50
3.52;2023/7/11;5:57:52
3.52;2023/7/11;5:57:54
3.52;2023/7/11;5:57:56
3.52;2023/7/11;5:57:58
3.52;2023/7/11;5:58:0
3.52;2023/7/11;5:58:3
3.52;2023/7/11;5:58:5
3.52;2023/7/11;5:58:7
3.52;2023/7/11;5:58:9
3.52;2023/7/11;5:58:11
3.52;2023/7/11;5:58:13
3.42;2023/7/11;5:58:15
3.52;2023/7/11;5:58:17
3.52;2023/7/11;5:58:19
3.52;2023/7/11;5:58:21
3.52;2023/7/11;5:58:23
3.52;2023/7/11;5:58:25
3.52;2023/7/11;5:58:28
3.52;2023/7/11;5:58:30
3.52;2023/7/11;5:58:32
3.52;2023/7/11;5:58:34
3.52;2023/7/11;5:58:36
3.52;2023/7/11;5:58:38
3.52;2023/7/11;5:58:40
3.52;2023/7/11;5:58:42
3.52;2023/7/11;5:58:44
3.52;2023/7/11;5:58:46
3.52;2023/7/11;5:58:48
3.42;2023/7/11;5:58:50
3.52;2023/7/11;5:58:53
3.52;2023/7/11;5:58:55
3.52;2023/7/11;5:58:57
3.52;2023/7/11;5:58:59
3.52;2023/7/11;5:59:1
3.52;2023/7/11;5:59:3
3.62;2023/7/11;5:59:5
3.52;2023/7/11;5:59:7
3.52;2023/7/11;5:59:9
3.52;2023/7/11;5:59:11
3.52;2023/7/11;5:59:13
3.52;2023/7/11;5:59:16
3.52;2023/7/11;5:59:18
3.52;2023/7/11;5:59:20
3.52;2023/7/11;5:59:22
3.52;2023/7/11;5:59:24
3.42;2023/7/11;5:59:26
3.52;2023/7/11;5:59:28
3.52;2023/7/11;5:59:30
3.52;2023/7/11;5:59:32
3.52;2023/7/11;5:59:34
3.52;2023/7/11;5:59:36
3.52;2023/7/11;5:59:38
3.52;2023/7/11;5:59:41
3.52;2023/7/11;5:59:43
3.52;2023/7/11;5:59:45
3.52;2023/7/11;5:59:47
3.52;2023/7/11;5:59:49
3.42;2023/7/11;5:59:51
3.52;2023/7/11;5:59:53
3.52;2023/7/11;5:59:55
3.52;2023/7/11;5:59:57
3.52;2023/7/11;5:59:59
3.52;2023/7/11;6:0:1
3.52;2023/7/11;6:0:3
3.52;2023/7/11;6:0:6
3.42;2023/7/11;6:0:8
3.52;2023/7/11;6:0:10
3.52;2023/7/11;6:0:12
3.52;2023/7/11;6:0:14
3.52;2023/7/11;6:0:16
3.52;2023/7/11;6:0:18
3.42;2023/7/11;6:0:20
3.52;2023/7/11;6:0:22
3.52;2023/7/11;6:0:24
3.52;2023/7/11;6:0:26
3.52;2023/7/11;6:0:29
3.52;2023/7/11;6:0:31
3.52;2023/7/11;6:0:33
3.52;2023/7/11;6:0:35
3.52;2023/7/11;6:0:40
3.62;2023/7/11;6:0:40
3.52;2023/7/11;6:0:41
3.52;2023/7/11;6:0:43
3.52;2023/7/11;6:0:45
3.52;2023/7/11;6:0:47
3.52;2023/7/11;6:0:49
3.52;2023/7/11;6:0:51
3.42;2023/7/11;6:0:54
3.52;2023/7/11;6:0:56
3.52;2023/7/11;6:0:58
3.52;2023/7/11;6:1:0
3.42;2023/7/11;6:1:2
3.52;2023/7/11;6:1:4
3.52;2023/7/11;6:1:6
3.52;2023/7/11;6:1:8
3.52;2023/7/11;6:1:10
3.52;2023/7/11;6:1:12
3.52;2023/7/11;6:1:14
3.52;2023/7/11;6:1:16
3.52;2023/7/11;6:1:19
3.52;2023/7/11;6:1:21
3.52;2023/7/11;6:1:23
3.52;2023/7/11;6:1:25
3.52;2023/7/11;6:1:27
3.52;2023/7/11;6:1:29
3.52;2023/7/11;6:1:31
3.42;2023/7/11;6:1:33
3.52;2023/7/11;6:1:35
3.52;2023/7/11;6:1:37
3.52;2023/7/11;6:1:40
3.52;2023/7/11;6:1:41
3.52;2023/7/11;6:1:44
3.52;2023/7/11;6:1:46
3.52;2023/7/11;6:1:48
3.52;2023/7/11;6:1:50
3.52;2023/7/11;6:1:52
3.52;2023/7/11;6:1:54
3.52;2023/7/11;6:1:56
3.52;2023/7/11;6:1:58
3.52;2023/7/11;6:2:0
3.52;2023/7/11;6:2:2
3.52;2023/7/11;6:2:5
3.52;2023/7/11;6:2:6
3.52;2023/7/11;6:2:9
3.52;2023/7/11;6:2:11
3.52;2023/7/11;6:2:13
3.52;2023/7/11;6:2:19
3.42;2023/7/11;6:2:19
3.52;2023/7/11;6:2:19
3.52;2023/7/11;6:2:21
3.52;2023/7/11;6:2:23
3.52;2023/7/11;6:2:25
3.52;2023/7/11;6:2:27
3.52;2023/7/11;6:2:29
3.52;2023/7/11;6:2:32
3.52;2023/7/11;6:2:34
3.52;2023/7/11;6:2:36
3.62;2023/7/11;6:2:38
3.42;2023/7/11;6:2:40
3.52;2023/7/11;6:2:42
3.52;2023/7/11;6:2:44
3.52;2023/7/11;6:2:46
3.52;2023/7/11;6:2:48
3.52;2023/7/11;6:2:50
3.52;2023/7/11;6:2:52
3.52;2023/7/11;6:2:54
3.52;2023/7/11;6:2:57
3.52;2023/7/11;6:2:59
3.52;2023/7/11;6:3:1
3.52;2023/7/11;6:3:3
3.52;2023/7/11;6:3:5
3.42;2023/7/11;6:3:7
3.52;2023/7/11;6:3:9
3.52;2023/7/11;6:3:11
3.52;2023/7/11;6:3:13
3.52;2023/7/11;6:3:15
3.52;2023/7/11;6:3:17
3.52;2023/7/11;6:3:19
3.52;2023/7/11;6:3:22
3.52;2023/7/11;6:3:24
3.52;2023/7/11;6:3:26
3.52;2023/7/11;6:3:28
3.52;2023/7/11;6:3:30
3.52;2023/7/11;6:3:32
3.52;2023/7/11;6:3:34
3.52;2023/7/11;6:3:36
3.52;2023/7/11;6:3:38
3.52;2023/7/11;6:3:46
3.52;2023/7/11;6:3:46
3.52;2023/7/11;6:3:46
3.52;2023/7/11;6:3:47
3.52;2023/7/11;6:3:49
3.52;2023/7/11;6:3:51
3.52;2023/7/11;6:3:53
3.52;2023/7/11;6:3:55
3.52;2023/7/11;6:3:57
3.52;2023/7/11;6:3:59
3.52;2023/7/11;6:4:1
3.52;2023/7/11;6:4:3
3.52;2023/7/11;6:4:5
3.52;2023/7/11;6:4:7
3.52;2023/7/11;6:4:10
3.52;2023/7/11;6:4:12
3.52;2023/7/11;6:4:14
3.52;2023/7/11;6:4:16
3.52;2023/7/11;6:4:18
3.52;2023/7/11;6:4:20
3.52;2023/7/11;6:4:22
3.52;2023/7/11;6:4:24
3.52;2023/7/11;6:4:26
3.52;2023/7/11;6:4:28
3.52;2023/7/11;6:4:30
3.52;2023/7/11;6:4:32
3.52;2023/7/11;6:4:35
3.52;2023/7/11;6:4:37
3.52;2023/7/11;6:4:39
3.52;2023/7/11;6:4:41
3.52;2023/7/11;6:4:43
3.52;2023/7/11;6:4:45
3.52;2023/7/11;6:4:47
3.52;2023/7/11;6:4:49
3.52;2023/7/11;6:4:51
3.42;2023/7/11;6:4:53
3.52;2023/7/11;6:4:55
3.52;2023/7/11;6:4:57
3.52;2023/7/11;6:5:0
3.52;2023/7/11;6:5:2
3.52;2023/7/11;6:5:4
3.52;2023/7/11;6:5:6
3.52;2023/7/11;6:5:8
3.52;2023/7/11;6:5:10
3.52;2023/7/11;6:5:12
3.52;2023/7/11;6:5:14
3.52;2023/7/11;6:5:16
3.52;2023/7/11;6:5:18
3.52;2023/7/11;6:5:20
3.52;2023/7/11;6:5:22
3.42;2023/7/11;6:5:25
3.52;2023/7/11;6:5:27
3.52;2023/7/11;6:5:29
3.52;2023/7/11;6:5:31
3.52;2023/7/11;6:5:38
3.52;2023/7/11;6:5:38
3.52;2023/7/11;6:5:38
3.52;2023/7/11;6:5:39
3.52;2023/7/11;6:5:41
3.52;2023/7/11;6:5:43
3.52;2023/7/11;6:5:45
3.52;2023/7/11;6:5:48
3.52;2023/7/11;6:5:50
3.52;2023/7/11;6:5:52
3.52;2023/7/11;6:5:54
3.42;2023/7/11;6:5:56
3.52;2023/7/11;6:5:58
3.52;2023/7/11;6:6:0
3.42;2023/7/11;6:6:2
3.52;2023/7/11;6:6:4
3.52;2023/7/11;6:6:6
3.52;2023/7/11;6:6:8
3.52;2023/7/11;6:6:10
3.52;2023/7/11;6:6:13
3.52;2023/7/11;6:6:15
3.52;2023/7/11;6:6:17
3.52;2023/7/11;6:6:19
3.52;2023/7/11;6:6:21
3.52;2023/7/11;6:6:23
3.52;2023/7/11;6:6:25
3.52;2023/7/11;6:6:27
3.52;2023/7/11;6:6:29
3.52;2023/7/11;6:6:31
3.52;2023/7/11;6:6:33
3.42;2023/7/11;6:6:35
3.62;2023/7/11;6:6:38
3.52;2023/7/11;6:6:40
3.52;2023/7/11;6:6:42
3.52;2023/7/11;6:6:44
3.52;2023/7/11;6:6:46
3.42;2023/7/11;6:6:48
3.52;2023/7/11;6:6:50
3.52;2023/7/11;6:6:52
3.52;2023/7/11;6:6:54
3.52;2023/7/11;6:6:56
3.52;2023/7/11;6:6:59
3.52;2023/7/11;6:7:1
3.42;2023/7/11;6:7:3
3.52;2023/7/11;6:7:6
3.52;2023/7/11;6:7:7
3.52;2023/7/11;6:7:9
3.52;2023/7/11;6:7:11
3.52;2023/7/11;6:7:13
3.52;2023/7/11;6:7:15
3.52;2023/7/11;6:7:17
3.52;2023/7/11;6:7:19
3.52;2023/7/11;6:7:21
3.42;2023/7/11;6:7:29
3.52;2023/7/11;6:7:29
3.52;2023/7/11;6:7:29
3.52;2023/7/11;6:7:30
3.52;2023/7/11;6:7:32
3.42;2023/7/11;6:7:34
3.52;2023/7/11;6:7:36
3.52;2023/7/11;6:7:38
3.52;2023/7/11;6:7:40
3.52;2023/7/11;6:7:42
3.52;2023/7/11;6:7:44
3.52;2023/7/11;6:7:46
3.52;2023/7/11;6:7:48
3.52;2023/7/11;6:7:51
3.52;2023/7/11;6:7:53
3.52;2023/7/11;6:7:55
3.52;2023/7/11;6:7:57
3.52;2023/7/11;6:7:59
3.52;2023/7/11;6:8:1
3.52;2023/7/11;6:8:3
3.52;2023/7/11;6:8:5
3.52;2023/7/11;6:8:7
3.52;2023/7/11;6:8:9
3.52;2023/7/11;6:8:11
3.52;2023/7/11;6:8:13
3.52;2023/7/11;6:8:16
3.42;2023/7/11;6:8:18
3.52;2023/7/11;6:8:20
3.52;2023/7/11;6:8:22
3.52;2023/7/11;6:8:24
3.62;2023/7/11;6:8:26
3.52;2023/7/11;6:8:28
3.52;2023/7/11;6:8:30
3.52;2023/7/11;6:8:32
3.52;2023/7/11;6:8:34
3.52;2023/7/11;6:8:36
3.62;2023/7/11;6:8:38
3.62;2023/7/11;6:8:41
3.52;2023/7/11;6:8:43
3.52;2023/7/11;6:8:45
3.52;2023/7/11;6:8:50
3.52;2023/7/11;6:8:50
3.52;2023/7/11;6:8:51
3.52;2023/7/11;6:8:53
3.52;2023/7/11;6:8:55
3.52;2023/7/11;6:8:57
3.52;2023/7/11;6:8:59
3.52;2023/7/11;6:9:1
3.52;2023/7/11;6:9:4
3.52;2023/7/11;6:9:6
3.52;2023/7/11;6:9:8
3.52;2023/7/11;6:9:10
3.52;2023/7/11;6:9:12
3.52;2023/7/11;6:9:14
3.52;2023/7/11;6:9:16
3.52;2023/7/11;6:9:18
3.52;2023/7/11;6:9:20
3.52;2023/7/11;6:9:22
3.42;2023/7/11;6:9:24
3.52;2023/7/11;6:9:26
3.42;2023/7/11;6:9:29
3.52;2023/7/11;6:9:31
3.52;2023/7/11;6:9:33
3.52;2023/7/11;6:9:35
3.52;2023/7/11;6:9:37
3.52;2023/7/11;6:9:39
3.52;2023/7/11;6:9:41
3.52;2023/7/11;6:9:43
3.52;2023/7/11;6:9:45
3.52;2023/7/11;6:9:47
3.52;2023/7/11;6:9:49
3.42;2023/7/11;6:9:51
3.52;2023/7/11;6:9:54
3.52;2023/7/11;6:9:56
3.52;2023/7/11;6:9:58
3.52;2023/7/11;6:10:0
3.52;2023/7/11;6:10:2
3.42;2023/7/11;6:10:4
3.52;2023/7/11;6:10:6
3.52;2023/7/11;6:10:8
3.52;2023/7/11;6:10:10
3.52;2023/7/11;6:10:12
3.52;2023/7/11;6:10:20
3.52;2023/7/11;6:10:20
3.52;2023/7/11;6:10:20
3.52;2023/7/11;6:10:21
3.52;2023/7/11;6:10:23
3.52;2023/7/11;6:10:25
3.52;2023/7/11;6:10:27
3.52;2023/7/11;6:10:29
3.52;2023/7/11;6:10:31
3.52;2023/7/11;6:10:33
3.52;2023/7/11;6:10:35
3.52;2023/7/11;6:10:37
3.52;2023/7/11;6:10:39
3.52;2023/7/11;6:10:42
3.42;2023/7/11;6:10:44
3.52;2023/7/11;6:10:46
3.52;2023/7/11;6:10:48
3.42;2023/7/11;6:10:50
3.52;2023/7/11;6:10:52
3.52;2023/7/11;6:10:54
3.52;2023/7/11;6:10:56
3.52;2023/7/11;6:10:58
3.52;2023/7/11;6:11:0
3.52;2023/7/11;6:11:2
3.42;2023/7/11;6:11:4
3.52;2023/7/11;6:11:7
3.52;2023/7/11;6:11:9
3.42;2023/7/11;6:11:11
3.52;2023/7/11;6:11:13
3.52;2023/7/11;6:11:15
3.52;2023/7/11;6:11:17
3.52;2023/7/11;6:11:19
3.52;2023/7/11;6:11:21
3.52;2023/7/11;6:11:23
3.52;2023/7/11;6:11:25
3.52;2023/7/11;6:11:27
3.52;2023/7/11;6:11:29
3.52;2023/7/11;6:11:32
3.42;2023/7/11;6:11:34
3.52;2023/7/11;6:11:36
3.52;2023/7/11;6:11:38
3.52;2023/7/11;6:11:40
3.52;2023/7/11;6:11:42
3.52;2023/7/11;6:11:44
3.52;2023/7/11;6:11:46
3.52;2023/7/11;6:11:48
3.52;2023/7/11;6:11:50
3.52;2023/7/11;6:11:52
3.52;2023/7/11;6:11:54
3.52;2023/7/11;6:11:57
3.52;2023/7/11;6:11:59
3.42;2023/7/11;6:12:1
3.52;2023/7/11;6:12:3
3.52;2023/7/11;6:12:5
3.52;2023/7/11;6:12:7
3.52;2023/7/11;6:12:9
3.52;2023/7/11;6:12:11
3.52;2023/7/11;6:12:13
3.52;2023/7/11;6:12:15
3.52;2023/7/11;6:12:18
3.42;2023/7/11;6:12:20
3.52;2023/7/11;6:12:22
3.52;2023/7/11;6:12:24
3.52;2023/7/11;6:12:26
3.52;2023/7/11;6:12:28
3.52;2023/7/11;6:12:30
3.42;2023/7/11;6:12:32
3.52;2023/7/11;6:12:34
3.52;2023/7/11;6:12:36
3.52;2023/7/11;6:12:38
3.52;2023/7/11;6:12:40
3.52;2023/7/11;6:12:43
3.52;2023/7/11;6:12:45
3.52;2023/7/11;6:12:47
3.52;2023/7/11;6:12:52
3.52;2023/7/11;6:12:52
3.52;2023/7/11;6:12:53
3.42;2023/7/11;6:12:55
3.52;2023/7/11;6:12:57
3.52;2023/7/11;6:12:59
3.52;2023/7/11;6:13:1
3.52;2023/7/11;6:13:3
3.52;2023/7/11;6:13:5
3.62;2023/7/11;6:13:7
3.52;2023/7/11;6:13:10
3.52;2023/7/11;6:13:12
3.52;2023/7/11;6:13:14
3.52;2023/7/11;6:13:16
3.42;2023/7/11;6:13:18
3.52;2023/7/11;6:13:20
3.52;2023/7/11;6:13:22
3.62;2023/7/11;6:13:24
3.52;2023/7/11;6:13:26
3.52;2023/7/11;6:13:28
3.42;2023/7/11;6:13:30
3.52;2023/7/11;6:13:32
3.52;2023/7/11;6:13:35
3.52;2023/7/11;6:13:37
3.52;2023/7/11;6:13:39
3.52;2023/7/11;6:13:41
3.62;2023/7/11;6:13:43
3.52;2023/7/11;6:13:45
3.52;2023/7/11;6:13:47
3.52;2023/7/11;6:13:49
3.52;2023/7/11;6:13:51
3.52;2023/7/11;6:13:53
3.52;2023/7/11;6:13:55
3.42;2023/7/11;6:13:58
3.52;2023/7/11;6:14:0
3.52;2023/7/11;6:14:2
3.52;2023/7/11;6:14:4
3.42;2023/7/11;6:14:6
3.52;2023/7/11;6:14:8
3.52;2023/7/11;6:14:10
3.52;2023/7/11;6:14:12
3.42;2023/7/11;6:14:14
3.52;2023/7/11;6:14:16
3.52;2023/7/11;6:14:18
3.42;2023/7/11;6:14:20
3.52;2023/7/11;6:14:23
3.52;2023/7/11;6:14:25
3.52;2023/7/11;6:14:27
3.52;2023/7/11;6:14:29
3.52;2023/7/11;6:14:31
3.52;2023/7/11;6:14:33
3.52;2023/7/11;6:14:35
3.52;2023/7/11;6:14:37
3.52;2023/7/11;6:14:39
3.52;2023/7/11;6:14:41
3.52;2023/7/11;6:14:43
3.52;2023/7/11;6:14:45
3.52;2023/7/11;6:14:48
3.52;2023/7/11;6:14:50
3.52;2023/7/11;6:14:52
3.52;2023/7/11;6:14:54
3.52;2023/7/11;6:14:56
3.52;2023/7/11;6:14:58
3.52;2023/7/11;6:15:0
3.42;2023/7/11;6:15:2
3.52;2023/7/11;6:15:4
3.52;2023/7/11;6:15:6
3.52;2023/7/11;6:15:8
3.52;2023/7/11;6:15:11
3.52;2023/7/11;6:15:13
3.52;2023/7/11;6:15:15
3.52;2023/7/11;6:15:17
3.52;2023/7/11;6:15:19
3.42;2023/7/11;6:15:21
3.52;2023/7/11;6:15:23
3.52;2023/7/11;6:15:25
3.52;2023/7/11;6:15:27
3.52;2023/7/11;6:15:29
3.62;2023/7/11;6:15:31
3.42;2023/7/11;6:15:33
3.52;2023/7/11;6:15:36
3.52;2023/7/11;6:15:38
3.52;2023/7/11;6:15:40
3.52;2023/7/11;6:15:42
3.52;2023/7/11;6:15:44
3.52;2023/7/11;6:15:46
3.52;2023/7/11;6:15:48
3.52;2023/7/11;6:15:51
3.52;2023/7/11;6:15:52
3.42;2023/7/11;6:15:54
3.52;2023/7/11;6:15:56
3.52;2023/7/11;6:15:59
3.52;2023/7/11;6:16:1
3.52;2023/7/11;6:16:3
3.52;2023/7/11;6:16:5
3.52;2023/7/11;6:16:7
3.52;2023/7/11;6:16:9
3.52;2023/7/11;6:16:11
3.52;2023/7/11;6:16:13
3.52;2023/7/11;6:16:15
3.52;2023/7/11;6:16:17
3.52;2023/7/11;6:16:19
3.52;2023/7/11;6:16:21
3.52;2023/7/11;6:16:23
3.52;2023/7/11;6:16:26
3.52;2023/7/11;6:16:28
3.52;2023/7/11;6:16:30
3.52;2023/7/11;6:16:32
3.52;2023/7/11;6:16:34
3.42;2023/7/11;6:16:36
3.52;2023/7/11;6:16:38
3.52;2023/7/11;6:16:40
3.52;2023/7/11;6:16:42
3.52;2023/7/11;6:16:44
3.52;2023/7/11;6:16:46
3.52;2023/7/11;6:16:48
3.52;2023/7/11;6:16:51
3.52;2023/7/11;6:16:53
3.52;2023/7/11;6:16:55
3.52;2023/7/11;6:16:57
3.52;2023/7/11;6:16:59
3.52;2023/7/11;6:17:1
3.42;2023/7/11;6:17:3
3.42;2023/7/11;6:17:5
3.52;2023/7/11;6:17:7
3.52;2023/7/11;6:17:9
3.52;2023/7/11;6:17:11
3.52;2023/7/11;6:17:14
3.52;2023/7/11;6:17:16
3.52;2023/7/11;6:17:18
3.52;2023/7/11;6:17:20
3.52;2023/7/11;6:17:22
3.52;2023/7/11;6:17:24
3.52;2023/7/11;6:17:26
3.42;2023/7/11;6:17:28
3.52;2023/7/11;6:17:30
3.52;2023/7/11;6:17:32
3.52;2023/7/11;6:17:34
3.52;2023/7/11;6:17:36
3.52;2023/7/11;6:17:39
3.52;2023/7/11;6:17:41
3.52;2023/7/11;6:17:43
3.52;2023/7/11;6:17:45
3.42;2023/7/11;6:17:47
3.42;2023/7/11;6:17:49
3.52;2023/7/11;6:17:51
3.52;2023/7/11;6:17:53
3.52;2023/7/11;6:17:55
3.52;2023/7/11;6:17:57
3.52;2023/7/11;6:17:59
3.52;2023/7/11;6:18:1
3.52;2023/7/11;6:18:4
3.52;2023/7/11;6:18:6
3.52;2023/7/11;6:18:8
3.52;2023/7/11;6:18:10
3.52;2023/7/11;6:18:12
3.52;2023/7/11;6:18:14
3.52;2023/7/11;6:18:16
3.52;2023/7/11;6:18:18
3.52;2023/7/11;6:18:20
3.52;2023/7/11;6:18:22
3.52;2023/7/11;6:18:24
3.52;2023/7/11;6:18:27
3.42;2023/7/11;6:18:29
3.52;2023/7/11;6:18:31
3.52;2023/7/11;6:18:33
3.52;2023/7/11;6:18:35
3.52;2023/7/11;6:18:37
3.52;2023/7/11;6:18:39
3.52;2023/7/11;6:18:41
3.52;2023/7/11;6:18:43
3.52;2023/7/11;6:18:45
3.52;2023/7/11;6:18:47
3.52;2023/7/11;6:18:49
3.52;2023/7/11;6:18:52
3.52;2023/7/11;6:18:54
3.52;2023/7/11;6:18:56
3.52;2023/7/11;6:18:58
3.52;2023/7/11;6:19:0
3.52;2023/7/11;6:19:2
3.52;2023/7/11;6:19:4
3.52;2023/7/11;6:19:6
3.52;2023/7/11;6:19:8
3.52;2023/7/11;6:19:10
3.52;2023/7/11;6:19:12
3.52;2023/7/11;6:19:14
3.42;2023/7/11;6:19:17
3.52;2023/7/11;6:19:19
3.52;2023/7/11;6:19:21
3.52;2023/7/11;6:19:23
3.52;2023/7/11;6:19:25
3.52;2023/7/11;6:19:27
3.52;2023/7/11;6:19:29
3.52;2023/7/11;6:19:31
3.52;2023/7/11;6:19:33
3.52;2023/7/11;6:19:35
3.52;2023/7/11;6:19:37
3.52;2023/7/11;6:19:39
3.52;2023/7/11;6:19:42
3.52;2023/7/11;6:19:44
3.52;2023/7/11;6:19:46
3.52;2023/7/11;6:19:48
3.52;2023/7/11;6:19:50
3.52;2023/7/11;6:19:52
3.52;2023/7/11;6:19:54
3.42;2023/7/11;6:19:56
3.52;2023/7/11;6:19:58
3.52;2023/7/11;6:20:0
3.52;2023/7/11;6:20:2
3.52;2023/7/11;6:20:5
3.52;2023/7/11;6:20:7
3.52;2023/7/11;6:20:9
3.52;2023/7/11;6:20:11
3.52;2023/7/11;6:20:13
3.52;2023/7/11;6:20:15
3.52;2023/7/11;6:20:17
3.52;2023/7/11;6:20:19
3.52;2023/7/11;6:20:21
3.52;2023/7/11;6:20:27
3.52;2023/7/11;6:20:27
3.52;2023/7/11;6:20:27
3.42;2023/7/11;6:20:30
3.52;2023/7/11;6:20:32
3.52;2023/7/11;6:20:34
3.52;2023/7/11;6:20:36
3.42;2023/7/11;6:20:38
3.52;2023/7/11;6:20:40
3.52;2023/7/11;6:20:42
3.52;2023/7/11;6:20:44
3.52;2023/7/11;6:20:46
3.52;2023/7/11;6:20:48
3.52;2023/7/11;6:20:50
3.52;2023/7/11;6:20:52
3.52;2023/7/11;6:20:55
3.52;2023/7/11;6:20:57
3.52;2023/7/11;6:20:59
3.52;2023/7/11;6:21:1
3.52;2023/7/11;6:21:3
3.52;2023/7/11;6:21:5
3.52;2023/7/11;6:21:7
3.52;2023/7/11;6:21:9
3.52;2023/7/11;6:21:11
3.52;2023/7/11;6:21:13
3.52;2023/7/11;6:21:15
3.32;2023/7/11;6:21:17
3.52;2023/7/11;6:21:20
3.52;2023/7/11;6:21:22
3.52;2023/7/11;6:21:24
3.42;2023/7/11;6:21:26
3.52;2023/7/11;6:21:28
3.52;2023/7/11;6:21:30
3.42;2023/7/11;6:21:32
3.52;2023/7/11;6:21:41
3.52;2023/7/11;6:21:41
3.52;2023/7/11;6:21:41
3.52;2023/7/11;6:21:41
3.52;2023/7/11;6:21:43
3.42;2023/7/11;6:21:45
3.52;2023/7/11;6:21:47
3.52;2023/7/11;6:21:49
3.52;2023/7/11;6:21:51
3.52;2023/7/11;6:21:53
3.52;2023/7/11;6:21:55
3.52;2023/7/11;6:21:57
3.52;2023/7/11;6:21:59
3.42;2023/7/11;6:22:1
3.52;2023/7/11;6:22:3
3.52;2023/7/11;6:22:5
3.52;2023/7/11;6:22:8
3.52;2023/7/11;6:22:10
3.52;2023/7/11;6:22:12
3.52;2023/7/11;6:22:14
3.52;2023/7/11;6:22:16
3.52;2023/7/11;6:22:18
3.52;2023/7/11;6:22:20
3.52;2023/7/11;6:22:22
3.52;2023/7/11;6:22:24
3.52;2023/7/11;6:22:26
3.52;2023/7/11;6:22:28
3.52;2023/7/11;6:22:30
3.52;2023/7/11;6:22:33
3.42;2023/7/11;6:22:35
3.52;2023/7/11;6:22:37
3.52;2023/7/11;6:22:39
3.52;2023/7/11;6:22:41
3.52;2023/7/11;6:22:43
3.52;2023/7/11;6:22:45
3.52;2023/7/11;6:22:47
3.52;2023/7/11;6:22:49
3.52;2023/7/11;6:22:51
3.52;2023/7/11;6:22:53
3.52;2023/7/11;6:22:56
3.52;2023/7/11;6:22:58
3.52;2023/7/11;6:23:0
3.52;2023/7/11;6:23:2
3.52;2023/7/11;6:23:4
3.52;2023/7/11;6:23:6
3.52;2023/7/11;6:23:8
3.52;2023/7/11;6:23:10
3.52;2023/7/11;6:23:17
3.52;2023/7/11;6:23:17
3.52;2023/7/11;6:23:17
3.52;2023/7/11;6:23:18
3.52;2023/7/11;6:23:21
3.52;2023/7/11;6:23:23
3.42;2023/7/11;6:23:25
3.52;2023/7/11;6:23:27
3.52;2023/7/11;6:23:29
3.52;2023/7/11;6:23:31
3.52;2023/7/11;6:23:33
3.52;2023/7/11;6:23:35
3.52;2023/7/11;6:23:37
3.52;2023/7/11;6:23:39
3.52;2023/7/11;6:23:41
3.52;2023/7/11;6:23:43
3.52;2023/7/11;6:23:46
3.52;2023/7/11;6:23:48
3.52;2023/7/11;6:23:50
3.52;2023/7/11;6:23:52
3.52;2023/7/11;6:23:54
3.52;2023/7/11;6:23:56
3.52;2023/7/11;6:23:58
3.52;2023/7/11;6:24:0
3.52;2023/7/11;6:24:2
3.52;2023/7/11;6:24:4
3.52;2023/7/11;6:24:6
3.52;2023/7/11;6:24:8
3.52;2023/7/11;6:24:11
3.52;2023/7/11;6:24:13
3.52;2023/7/11;6:24:15
3.62;2023/7/11;6:24:17
3.52;2023/7/11;6:24:19
3.52;2023/7/11;6:24:21
3.52;2023/7/11;6:24:23
3.42;2023/7/11;6:24:25
3.52;2023/7/11;6:24:27
3.52;2023/7/11;6:24:29
3.52;2023/7/11;6:24:31
3.62;2023/7/11;6:24:33
3.52;2023/7/11;6:24:41
3.52;2023/7/11;6:24:41
3.52;2023/7/11;6:24:41
3.52;2023/7/11;6:24:42
3.52;2023/7/11;6:24:44
3.52;2023/7/11;6:24:46
3.52;2023/7/11;6:24:48
3.52;2023/7/11;6:24:50
3.42;2023/7/11;6:24:52
3.52;2023/7/11;6:24:54
3.52;2023/7/11;6:24:56
3.52;2023/7/11;6:24:59
3.42;2023/7/11;6:25:1
3.52;2023/7/11;6:25:3
3.52;2023/7/11;6:25:5
3.52;2023/7/11;6:25:7
3.52;2023/7/11;6:25:9
3.52;2023/7/11;6:25:11
3.52;2023/7/11;6:25:13
3.52;2023/7/11;6:25:15
3.52;2023/7/11;6:25:17
3.52;2023/7/11;6:25:19
3.52;2023/7/11;6:25:21
3.52;2023/7/11;6:25:24
3.52;2023/7/11;6:25:26
3.52;2023/7/11;6:25:28
3.52;2023/7/11;6:25:30
3.52;2023/7/11;6:25:32
3.52;2023/7/11;6:25:34
3.52;2023/7/11;6:25:36
3.42;2023/7/11;6:25:38
3.42;2023/7/11;6:25:40
3.52;2023/7/11;6:25:42
3.42;2023/7/11;6:25:44
3.42;2023/7/11;6:25:46
3.52;2023/7/11;6:25:49
3.52;2023/7/11;6:25:51
3.52;2023/7/11;6:25:53
3.42;2023/7/11;6:25:55
3.52;2023/7/11;6:25:57
3.52;2023/7/11;6:25:59
3.52;2023/7/11;6:26:1
3.42;2023/7/11;6:26:3
3.42;2023/7/11;6:26:5
3.52;2023/7/11;6:26:7
3.52;2023/7/11;6:26:9
3.52;2023/7/11;6:26:11
3.52;2023/7/11;6:26:14
3.52;2023/7/11;6:26:16
3.52;2023/7/11;6:26:18
3.42;2023/7/11;6:26:20
3.52;2023/7/11;6:26:22
3.52;2023/7/11;6:26:24
3.52;2023/7/11;6:26:31
3.42;2023/7/11;6:26:31
3.52;2023/7/11;6:26:31
3.52;2023/7/11;6:26:32
3.52;2023/7/11;6:26:34
3.52;2023/7/11;6:26:37
3.52;2023/7/11;6:26:39
3.52;2023/7/11;6:26:41
3.42;2023/7/11;6:26:43
3.52;2023/7/11;6:26:45
3.52;2023/7/11;6:26:47
3.52;2023/7/11;6:26:49
3.52;2023/7/11;6:26:51
3.52;2023/7/11;6:26:53
3.42;2023/7/11;6:26:55
3.52;2023/7/11;6:26:57
3.52;2023/7/11;6:26:59
3.52;2023/7/11;6:27:2
3.52;2023/7/11;6:27:4
3.52;2023/7/11;6:27:6
3.52;2023/7/11;6:27:8
3.52;2023/7/11;6:27:10
3.52;2023/7/11;6:27:12
3.52;2023/7/11;6:27:14
3.52;2023/7/11;6:27:16
3.52;2023/7/11;6:27:18
3.52;2023/7/11;6:27:20
3.42;2023/7/11;6:27:22
3.52;2023/7/11;6:27:24
3.52;2023/7/11;6:27:27
3.52;2023/7/11;6:27:29
3.52;2023/7/11;6:27:31
3.52;2023/7/11;6:27:33
3.52;2023/7/11;6:27:35
3.52;2023/7/11;6:27:37
3.52;2023/7/11;6:27:39
3.52;2023/7/11;6:27:41
3.42;2023/7/11;6:27:43
3.52;2023/7/11;6:27:45
3.52;2023/7/11;6:27:47
3.52;2023/7/11;6:27:49
3.52;2023/7/11;6:27:52
3.52;2023/7/11;6:27:54
3.52;2023/7/11;6:27:56
3.52;2023/7/11;6:27:58
3.52;2023/7/11;6:28:0
3.52;2023/7/11;6:28:2
3.52;2023/7/11;6:28:4
3.52;2023/7/11;6:28:6
3.52;2023/7/11;6:28:8
3.52;2023/7/11;6:28:10
3.52;2023/7/11;6:28:12
3.52;2023/7/11;6:28:15
3.52;2023/7/11;6:28:17
3.52;2023/7/11;6:28:19
3.52;2023/7/11;6:28:21
3.52;2023/7/11;6:28:23
3.52;2023/7/11;6:28:25
3.52;2023/7/11;6:28:27
3.52;2023/7/11;6:28:29
3.42;2023/7/11;6:28:31
3.52;2023/7/11;6:28:33
3.52;2023/7/11;6:28:35
3.52;2023/7/11;6:28:37
3.52;2023/7/11;6:28:40
3.52;2023/7/11;6:28:42
3.52;2023/7/11;6:28:44
3.52;2023/7/11;6:28:46
3.52;2023/7/11;6:28:48
3.52;2023/7/11;6:28:50
3.52;2023/7/11;6:28:52
3.52;2023/7/11;6:28:54
3.52;2023/7/11;6:28:56
3.52;2023/7/11;6:28:58
3.42;2023/7/11;6:29:0
3.52;2023/7/11;6:29:2
3.52;2023/7/11;6:29:5
3.52;2023/7/11;6:29:7
3.52;2023/7/11;6:29:9
3.52;2023/7/11;6:29:11
3.42;2023/7/11;6:29:13
3.52;2023/7/11;6:29:15
3.42;2023/7/11;6:29:17
3.52;2023/7/11;6:29:19
3.52;2023/7/11;6:29:21
3.42;2023/7/11;6:29:23
3.52;2023/7/11;6:29:25
3.52;2023/7/11;6:29:27
3.52;2023/7/11;6:29:30
3.52;2023/7/11;6:29:32
3.52;2023/7/11;6:29:34
3.52;2023/7/11;6:29:36
3.52;2023/7/11;6:29:38
3.42;2023/7/11;6:29:40
3.52;2023/7/11;6:29:42
3.52;2023/7/11;6:29:44
3.52;2023/7/11;6:29:46
3.52;2023/7/11;6:29:48
3.52;2023/7/11;6:29:50
3.52;2023/7/11;6:29:53
3.52;2023/7/11;6:29:55
3.52;2023/7/11;6:29:57
3.52;2023/7/11;6:29:59
3.52;2023/7/11;6:30:1
3.52;2023/7/11;6:30:3
3.52;2023/7/11;6:30:5
3.52;2023/7/11;6:30:7
3.52;2023/7/11;6:30:9
3.52;2023/7/11;6:30:11
3.52;2023/7/11;6:30:13
3.52;2023/7/11;6:30:15
3.52;2023/7/11;6:30:18
3.42;2023/7/11;6:30:20
3.52;2023/7/11;6:30:22
3.52;2023/7/11;6:30:24
3.52;2023/7/11;6:30:26
3.52;2023/7/11;6:30:28
3.52;2023/7/11;6:30:30
3.52;2023/7/11;6:30:32
3.42;2023/7/11;6:30:34
3.52;2023/7/11;6:30:36
3.52;2023/7/11;6:30:38
3.52;2023/7/11;6:30:40
3.52;2023/7/11;6:30:43
3.42;2023/7/11;6:30:45
3.42;2023/7/11;6:30:47
3.52;2023/7/11;6:30:49
3.62;2023/7/11;6:30:51
3.52;2023/7/11;6:30:53
3.42;2023/7/11;6:30:55
3.52;2023/7/11;6:30:57
3.52;2023/7/11;6:30:59
3.52;2023/7/11;6:31:1
3.52;2023/7/11;6:31:3
3.52;2023/7/11;6:31:5
3.52;2023/7/11;6:31:8
3.52;2023/7/11;6:31:10
3.52;2023/7/11;6:31:12
3.52;2023/7/11;6:31:14
3.52;2023/7/11;6:31:16
3.52;2023/7/11;6:31:18
3.52;2023/7/11;6:31:20
3.52;2023/7/11;6:31:22
3.52;2023/7/11;6:31:24
3.52;2023/7/11;6:31:26
3.52;2023/7/11;6:31:28
3.52;2023/7/11;6:31:31
3.52;2023/7/11;6:31:33
3.52;2023/7/11;6:31:35
3.52;2023/7/11;6:31:37
3.52;2023/7/11;6:31:39
3.42;2023/7/11;6:31:41
3.52;2023/7/11;6:31:43
3.52;2023/7/11;6:31:45
3.52;2023/7/11;6:31:47
3.52;2023/7/11;6:31:49
3.52;2023/7/11;6:31:51
3.52;2023/7/11;6:31:53
3.52;2023/7/11;6:31:56
3.52;2023/7/11;6:31:58
3.52;2023/7/11;6:32:0
3.52;2023/7/11;6:32:2
3.52;2023/7/11;6:32:4
3.52;2023/7/11;6:32:6
3.52;2023/7/11;6:32:8
3.42;2023/7/11;6:32:10
3.42;2023/7/11;6:32:12
3.52;2023/7/11;6:32:14
3.52;2023/7/11;6:32:16
3.52;2023/7/11;6:32:18
3.52;2023/7/11;6:32:21
3.52;2023/7/11;6:32:23
3.52;2023/7/11;6:32:25
3.52;2023/7/11;6:32:27
3.52;2023/7/11;6:32:29
3.52;2023/7/11;6:32:31
3.52;2023/7/11;6:32:33
3.52;2023/7/11;6:32:35
3.52;2023/7/11;6:32:37
3.52;2023/7/11;6:32:39
3.52;2023/7/11;6:32:41
3.52;2023/7/11;6:32:43
3.52;2023/7/11;6:32:46
3.52;2023/7/11;6:32:48
3.52;2023/7/11;6:32:50
3.52;2023/7/11;6:32:52
3.52;2023/7/11;6:32:54
3.52;2023/7/11;6:32:56
3.52;2023/7/11;6:32:58
3.52;2023/7/11;6:33:0
3.52;2023/7/11;6:33:2
3.52;2023/7/11;6:33:4
3.52;2023/7/11;6:33:6
3.52;2023/7/11;6:33:9
3.52;2023/7/11;6:33:11
3.52;2023/7/11;6:33:13
3.52;2023/7/11;6:33:15
3.42;2023/7/11;6:33:17
3.52;2023/7/11;6:33:19
3.52;2023/7/11;6:33:21
3.52;2023/7/11;6:33:23
3.42;2023/7/11;6:33:25
3.52;2023/7/11;6:33:27
3.52;2023/7/11;6:33:29
3.52;2023/7/11;6:33:31
3.52;2023/7/11;6:33:34
3.52;2023/7/11;6:33:36
3.52;2023/7/11;6:33:38
3.52;2023/7/11;6:33:40
3.52;2023/7/11;6:33:42
3.52;2023/7/11;6:33:44
3.52;2023/7/11;6:33:46
3.52;2023/7/11;6:33:48
3.52;2023/7/11;6:33:50
3.52;2023/7/11;6:33:52
3.52;2023/7/11;6:33:54
3.52;2023/7/11;6:33:56
3.52;2023/7/11;6:33:59
3.52;2023/7/11;6:34:1
3.52;2023/7/11;6:34:3
3.52;2023/7/11;6:34:5
3.52;2023/7/11;6:34:7
3.52;2023/7/11;6:34:9
3.52;2023/7/11;6:34:11
3.52;2023/7/11;6:34:13
3.52;2023/7/11;6:34:15
3.52;2023/7/11;6:34:17
3.52;2023/7/11;6:34:19
3.52;2023/7/11;6:34:21
3.52;2023/7/11;6:34:24
3.52;2023/7/11;6:34:26
3.52;2023/7/11;6:34:28
3.52;2023/7/11;6:34:30
3.42;2023/7/11;6:34:32
3.52;2023/7/11;6:34:34
3.52;2023/7/11;6:34:36
3.42;2023/7/11;6:34:38
3.52;2023/7/11;6:34:41
3.42;2023/7/11;6:34:42
3.52;2023/7/11;6:34:44
3.52;2023/7/11;6:34:47
3.52;2023/7/11;6:34:49
3.52;2023/7/11;6:34:51
3.52;2023/7/11;6:34:53
3.52;2023/7/11;6:34:55
3.52;2023/7/11;6:34:57
3.52;2023/7/11;6:34:59
3.52;2023/7/11;6:35:1
3.42;2023/7/11;6:35:8
3.52;2023/7/11;6:35:8
3.42;2023/7/11;6:35:8
3.42;2023/7/11;6:35:9
3.42;2023/7/11;6:35:12
3.52;2023/7/11;6:35:14
3.52;2023/7/11;6:35:16
3.52;2023/7/11;6:35:18
3.52;2023/7/11;6:35:20
3.52;2023/7/11;6:35:22
3.42;2023/7/11;6:35:24
3.52;2023/7/11;6:35:26
3.52;2023/7/11;6:35:28
3.52;2023/7/11;6:35:30
3.52;2023/7/11;6:35:32
3.52;2023/7/11;6:35:34
3.52;2023/7/11;6:35:37
3.42;2023/7/11;6:35:39
3.42;2023/7/11;6:35:41
3.52;2023/7/11;6:35:43
3.52;2023/7/11;6:35:45
3.52;2023/7/11;6:35:47
3.52;2023/7/11;6:35:49
3.52;2023/7/11;6:35:51
3.42;2023/7/11;6:35:53
3.52;2023/7/11;6:35:55
3.52;2023/7/11;6:35:57
3.52;2023/7/11;6:36:0
3.52;2023/7/11;6:36:2
3.52;2023/7/11;6:36:4
3.52;2023/7/11;6:36:6
3.52;2023/7/11;6:36:8
3.52;2023/7/11;6:36:10
3.52;2023/7/11;6:36:12
3.52;2023/7/11;6:36:14
3.52;2023/7/11;6:36:16
3.52;2023/7/11;6:36:19
3.52;2023/7/11;6:36:20
3.52;2023/7/11;6:36:22
3.52;2023/7/11;6:36:26
3.52;2023/7/11;6:36:27
3.52;2023/7/11;6:36:29
3.52;2023/7/11;6:36:35
3.52;2023/7/11;6:36:35
3.52;2023/7/11;6:36:35
3.52;2023/7/11;6:36:37
3.42;2023/7/11;6:37:6
4.79;2023/7/11;6:37:8
4.79;2023/7/11;6:37:11
4.79;2023/7/11;6:37:13
4.89;2023/7/11;6:37:15
4.79;2023/7/11;6:37:17
4.79;2023/7/11;6:37:19
4.69;2023/7/11;6:37:21
4.79;2023/7/11;6:37:23
4.79;2023/7/11;6:37:25
4.79;2023/7/11;6:37:27
4.79;2023/7/11;6:37:29
4.79;2023/7/11;6:37:31
4.79;2023/7/11;6:37:33
4.79;2023/7/11;6:37:36
4.79;2023/7/11;6:37:38
4.79;2023/7/11;6:37:40
4.79;2023/7/11;6:37:42
4.79;2023/7/11;6:37:44
4.79;2023/7/11;6:37:46
4.79;2023/7/11;6:37:48
4.79;2023/7/11;6:37:50
4.79;2023/7/11;6:37:52
4.3;2023/7/11;6:37:54
4.2;2023/7/11;6:37:56
3.62;2023/7/11;6:37:58
3.52;2023/7/11;6:38:1
3.52;2023/7/11;6:38:3
3.52;2023/7/11;6:38:5
3.52;2023/7/11;6:38:7
3.52;2023/7/11;6:38:9
3.62;2023/7/11;6:38:11
3.62;2023/7/11;6:38:13
3.62;2023/7/11;6:38:18
3.52;2023/7/11;6:38:18
3.52;2023/7/11;6:38:19
3.62;2023/7/11;6:38:21
3.52;2023/7/11;6:38:23
3.52;2023/7/11;6:38:26
3.62;2023/7/11;6:38:28
3.62;2023/7/11;6:38:30
3.52;2023/7/11;6:38:32
3.52;2023/7/11;6:38:34
3.52;2023/7/11;6:38:36
2.54;2023/7/11;6:38:38
3.52;2023/7/11;6:38:40
3.52;2023/7/11;6:38:42
3.62;2023/7/11;6:38:44
3.52;2023/7/11;6:38:46
3.52;2023/7/11;6:38:48
3.62;2023/7/11;6:38:51
3.52;2023/7/11;6:38:53
3.52;2023/7/11;6:38:55
3.62;2023/7/11;6:38:57
3.52;2023/7/11;6:38:59
3.62;2023/7/11;6:39:1
3.62;2023/7/11;6:39:3
3.52;2023/7/11;6:39:5
3.62;2023/7/11;6:39:7
3.62;2023/7/11;6:39:9
3.52;2023/7/11;6:39:11
3.62;2023/7/11;6:39:13
3.52;2023/7/11;6:39:16
3.52;2023/7/11;6:39:18
3.52;2023/7/11;6:39:20
3.62;2023/7/11;6:39:22
3.62;2023/7/11;6:39:24
3.62;2023/7/11;6:39:26
3.62;2023/7/11;6:39:28
3.62;2023/7/11;6:39:30
3.52;2023/7/11;6:39:32
3.52;2023/7/11;6:39:34
3.62;2023/7/11;6:39:36
3.52;2023/7/11;6:39:38
3.52;2023/7/11;6:39:40
3.62;2023/7/11;6:39:43
3.62;2023/7/11;6:39:45
3.62;2023/7/11;6:39:47
3.62;2023/7/11;6:39:49
3.62;2023/7/11;6:39:51
3.62;2023/7/11;6:39:53
3.62;2023/7/11;6:39:55
3.62;2023/7/11;6:39:57
3.62;2023/7/11;6:40:2
3.62;2023/7/11;6:40:2
3.62;2023/7/11;6:40:3
3.62;2023/7/11;6:40:5
3.62;2023/7/11;6:40:8
3.52;2023/7/11;6:40:10
3.62;2023/7/11;6:40:12
3.52;2023/7/11;6:40:14
3.62;2023/7/11;6:40:16
3.62;2023/7/11;6:40:18
3.62;2023/7/11;6:40:20
3.52;2023/7/11;6:40:22
3.52;2023/7/11;6:40:24
3.62;2023/7/11;6:40:26
3.52;2023/7/11;6:40:28
3.62;2023/7/11;6:40:30
3.52;2023/7/11;6:40:32
3.62;2023/7/11;6:40:34
3.52;2023/7/11;6:40:37
3.62;2023/7/11;6:40:39
3.52;2023/7/11;6:40:41
3.62;2023/7/11;6:40:43
3.62;2023/7/11;6:40:45
3.62;2023/7/11;6:40:47
3.62;2023/7/11;6:40:49
3.52;2023/7/11;6:40:51
3.62;2023/7/11;6:40:53
3.62;2023/7/11;6:40:55
3.52;2023/7/11;6:40:57
3.52;2023/7/11;6:40:59
3.62;2023/7/11;6:41:1
3.62;2023/7/11;6:41:4
3.62;2023/7/11;6:41:6
22.97;2023/7/11;6:41:8
29.03;2023/7/11;6:41:10
26.3;2023/7/11;6:41:12
3.52;2023/7/11;6:41:14
3.52;2023/7/11;6:41:16
3.52;2023/7/11;6:41:18
3.62;2023/7/11;6:41:20
3.62;2023/7/11;6:41:22
3.52;2023/7/11;6:41:25
3.62;2023/7/11;6:41:26
3.52;2023/7/11;6:41:29
3.62;2023/7/11;6:41:31
3.62;2023/7/11;6:41:33
3.62;2023/7/11;6:41:35
3.52;2023/7/11;6:41:37
3.62;2023/7/11;6:41:39
3.62;2023/7/11;6:41:41
3.62;2023/7/11;6:41:43
3.62;2023/7/11;6:41:45
3.62;2023/7/11;6:41:47
3.62;2023/7/11;6:41:49
3.62;2023/7/11;6:41:51
3.52;2023/7/11;6:41:53
3.62;2023/7/11;6:41:56
3.62;2023/7/11;6:41:58
3.52;2023/7/11;6:42:0
3.62;2023/7/11;6:42:2
3.62;2023/7/11;6:42:4
3.52;2023/7/11;6:42:6
3.52;2023/7/11;6:42:32
3.52;2023/7/11;6:42:34
4.4;2023/7/11;6:42:35
4.79;2023/7/11;6:42:37
4.79;2023/7/11;6:42:39
4.79;2023/7/11;6:42:41
4.79;2023/7/11;6:42:43
4.79;2023/7/11;6:42:45
4.69;2023/7/11;6:42:48
4.79;2023/7/11;6:42:50
4.79;2023/7/11;6:42:52
4.79;2023/7/11;6:42:54
4.79;2023/7/11;6:42:56
4.79;2023/7/11;6:42:58
4.69;2023/7/11;6:43:0
4.79;2023/7/11;6:43:2
4.79;2023/7/11;6:43:4
4.79;2023/7/11;6:43:6
4.79;2023/7/11;6:43:8
4.79;2023/7/11;6:43:10
4.69;2023/7/11;6:43:13
4.79;2023/7/11;6:43:15
4.79;2023/7/11;6:43:17
4.79;2023/7/11;6:43:19
4.79;2023/7/11;6:43:21
4.79;2023/7/11;6:43:23
4.79;2023/7/11;6:43:25
4.79;2023/7/11;6:43:27
4.79;2023/7/11;6:43:29
4.79;2023/7/11;6:43:31
4.79;2023/7/11;6:43:33
4.79;2023/7/11;6:43:35
4.79;2023/7/11;6:43:37
4.79;2023/7/11;6:43:40
4.79;2023/7/11;6:43:42
4.79;2023/7/11;6:43:44
4.79;2023/7/11;6:43:46
4.79;2023/7/11;6:43:48
4.79;2023/7/11;6:43:50
4.79;2023/7/11;6:43:52
4.79;2023/7/11;6:43:54
4.69;2023/7/11;6:43:56
4.79;2023/7/11;6:43:58
4.79;2023/7/11;6:44:0
4.79;2023/7/11;6:44:2
4.69;2023/7/11;6:44:9
4.79;2023/7/11;6:44:9
4.69;2023/7/11;6:44:9
4.79;2023/7/11;6:44:11
4.69;2023/7/11;6:44:13
4.79;2023/7/11;6:44:15
4.79;2023/7/11;6:44:17
4.79;2023/7/11;6:44:19
4.69;2023/7/11;6:44:21
4.79;2023/7/11;6:44:23
4.79;2023/7/11;6:44:25
4.79;2023/7/11;6:44:27
4.79;2023/7/11;6:44:30
4.79;2023/7/11;6:44:32
4.79;2023/7/11;6:44:34
4.79;2023/7/11;6:44:36
4.79;2023/7/11;6:44:38
4.79;2023/7/11;6:44:40
4.79;2023/7/11;6:44:42
4.79;2023/7/11;6:44:44
4.79;2023/7/11;6:44:46
4.79;2023/7/11;6:44:48
4.79;2023/7/11;6:44:50
8.8;2023/7/11;6:44:52
34.7;2023/7/11;6:44:54
4.59;2023/7/11;6:44:56
4.69;2023/7/11;6:44:59
4.79;2023/7/11;6:45:1
4.79;2023/7/11;6:45:3
4.79;2023/7/11;6:45:5
4.79;2023/7/11;6:45:7
4.79;2023/7/11;6:45:9
3.52;2023/7/11;6:45:36
3.52;2023/7/11;6:45:38
4.3;2023/7/11;6:45:40
4.3;2023/7/11;6:45:42
4.3;2023/7/11;6:45:44
4.3;2023/7/11;6:45:46
4.3;2023/7/11;6:45:48
4.3;2023/7/11;6:45:51
4.3;2023/7/11;6:45:53
4.3;2023/7/11;6:45:55
4.3;2023/7/11;6:45:57
4.3;2023/7/11;6:45:59
4.2;2023/7/11;6:46:1
3.42;2023/7/11;6:46:29
3.42;2023/7/11;6:46:30
3.52;2023/7/11;6:46:32
3.42;2023/7/11;6:46:34
3.52;2023/7/11;6:46:36
3.52;2023/7/11;6:46:38
3.52;2023/7/11;6:46:40
3.52;2023/7/11;6:46:43
3.52;2023/7/11;6:46:45
3.52;2023/7/11;6:46:47
3.52;2023/7/11;6:46:49
3.52;2023/7/11;6:46:51
3.52;2023/7/11;6:46:53
3.52;2023/7/11;6:46:55
3.52;2023/7/11;6:46:57
3.52;2023/7/11;6:46:59
3.52;2023/7/11;6:47:1
3.62;2023/7/11;6:47:3
3.52;2023/7/11;6:47:5
3.62;2023/7/11;6:47:8
3.62;2023/7/11;6:47:10
3.62;2023/7/11;6:47:12
3.62;2023/7/11;6:47:14
3.62;2023/7/11;6:47:16
3.62;2023/7/11;6:47:18
3.62;2023/7/11;6:47:20
3.52;2023/7/11;6:47:22
3.62;2023/7/11;6:47:24
3.52;2023/7/11;6:47:26
3.52;2023/7/11;6:47:28
2.25;2023/7/11;6:47:31
3.52;2023/7/11;6:47:32
3.62;2023/7/11;6:47:35
3.62;2023/7/11;6:47:37
3.62;2023/7/11;6:47:39
3.62;2023/7/11;6:47:41
3.62;2023/7/11;6:47:43
3.52;2023/7/11;6:47:45
3.62;2023/7/11;6:47:47
3.62;2023/7/11;6:47:49
3.62;2023/7/11;6:47:51
3.62;2023/7/11;6:47:53
3.62;2023/7/11;6:47:55
3.52;2023/7/11;6:47:57
3.52;2023/7/11;6:48:0
3.62;2023/7/11;6:48:7
3.62;2023/7/11;6:48:7
3.62;2023/7/11;6:48:7
3.62;2023/7/11;6:48:8
3.52;2023/7/11;6:48:11
3.52;2023/7/11;6:48:12
3.62;2023/7/11;6:48:14
3.52;2023/7/11;6:48:16
3.62;2023/7/11;6:48:19
3.52;2023/7/11;6:48:20
3.62;2023/7/11;6:48:22
3.52;2023/7/11;6:48:24
3.62;2023/7/11;6:48:27
3.62;2023/7/11;6:48:29
3.62;2023/7/11;6:48:31
3.52;2023/7/11;6:48:33
3.62;2023/7/11;6:48:35
3.52;2023/7/11;6:48:37
3.62;2023/7/11;6:48:39
3.52;2023/7/11;6:48:41
3.62;2023/7/11;6:48:43
3.62;2023/7/11;6:48:45
3.62;2023/7/11;6:48:47
3.62;2023/7/11;6:48:49
3.62;2023/7/11;6:48:52
3.62;2023/7/11;6:48:54
3.62;2023/7/11;6:48:56
3.62;2023/7/11;6:48:58
3.62;2023/7/11;6:49:0
3.62;2023/7/11;6:49:2
3.62;2023/7/11;6:49:4
3.62;2023/7/11;6:49:6
3.62;2023/7/11;6:49:8
3.52;2023/7/11;6:49:10
3.52;2023/7/11;6:49:12
3.52;2023/7/11;6:49:14
3.62;2023/7/11;6:49:16
3.52;2023/7/11;6:49:19
3.62;2023/7/11;6:49:21
3.62;2023/7/11;6:49:23
3.52;2023/7/11;6:49:25
3.62;2023/7/11;6:49:27
3.62;2023/7/11;6:49:29
3.42;2023/7/11;6:49:31
3.52;2023/7/11;6:49:33
3.52;2023/7/11;6:49:35
3.52;2023/7/11;6:49:37
2.93;2023/7/11;6:49:39
3.62;2023/7/11;6:49:42
1.76;2023/7/11;6:49:44
1.76;2023/7/11;6:49:46
3.52;2023/7/11;6:49:48
3.52;2023/7/11;6:49:50
3.62;2023/7/11;6:49:52
3.03;2023/7/11;6:49:54
3.52;2023/7/11;6:49:56
3.62;2023/7/11;6:49:58
3.62;2023/7/11;6:50:0
3.52;2023/7/11;6:50:2
3.62;2023/7/11;6:50:7
3.52;2023/7/11;6:50:7
3.52;2023/7/11;6:50:9
3.62;2023/7/11;6:50:11
3.62;2023/7/11;6:50:13
3.52;2023/7/11;6:50:15
3.52;2023/7/11;6:50:17
3.62;2023/7/11;6:50:19
3.52;2023/7/11;6:50:21
3.62;2023/7/11;6:50:23
3.62;2023/7/11;6:50:25
3.62;2023/7/11;6:50:27
3.62;2023/7/11;6:50:29
3.42;2023/7/11;6:50:31
3.52;2023/7/11;6:50:33
3.52;2023/7/11;6:50:36
3.52;2023/7/11;6:50:38
3.32;2023/7/11;6:50:40
3.42;2023/7/11;6:50:42
3.62;2023/7/11;6:50:44
1.86;2023/7/11;6:50:46
3.52;2023/7/11;6:50:48
3.62;2023/7/11;6:50:50
3.23;2023/7/11;6:50:52
3.52;2023/7/11;6:50:54
3.52;2023/7/11;6:50:57
3.62;2023/7/11;6:50:58
3.62;2023/7/11;6:51:1
3.62;2023/7/11;6:51:3
3.62;2023/7/11;6:51:5
3.62;2023/7/11;6:51:7
3.62;2023/7/11;6:51:9
3.62;2023/7/11;6:51:11
3.62;2023/7/11;6:51:13
3.62;2023/7/11;6:51:15
3.62;2023/7/11;6:51:17
3.62;2023/7/11;6:51:19
3.52;2023/7/11;6:51:21
3.52;2023/7/11;6:51:23
3.52;2023/7/11;6:51:25
3.62;2023/7/11;6:51:28
3.62;2023/7/11;6:51:30
3.62;2023/7/11;6:51:32
3.62;2023/7/11;6:51:34
3.62;2023/7/11;6:51:36
3.52;2023/7/11;6:51:38
3.62;2023/7/11;6:51:40
3.62;2023/7/11;6:51:42
3.62;2023/7/11;6:51:44
3.52;2023/7/11;6:51:46
3.62;2023/7/11;6:51:48
3.62;2023/7/11;6:51:50
1.96;2023/7/11;6:51:53
3.62;2023/7/11;6:51:55
3.62;2023/7/11;6:51:57
3.62;2023/7/11;6:51:59
3.62;2023/7/11;6:52:1
3.62;2023/7/11;6:52:3
3.62;2023/7/11;6:52:5
3.62;2023/7/11;6:52:7
3.52;2023/7/11;6:52:9
3.62;2023/7/11;6:52:11
3.52;2023/7/11;6:52:13
3.62;2023/7/11;6:52:15
3.62;2023/7/11;6:52:18
3.62;2023/7/11;6:52:20
3.52;2023/7/11;6:52:22
3.62;2023/7/11;6:52:24
3.52;2023/7/11;6:52:26
3.62;2023/7/11;6:52:28
3.62;2023/7/11;6:52:30
3.62;2023/7/11;6:52:34
3.62;2023/7/11;6:52:34
3.62;2023/7/11;6:52:36
3.62;2023/7/11;6:52:38
3.62;2023/7/11;6:52:41
3.62;2023/7/11;6:52:42
3.62;2023/7/11;6:52:45
3.62;2023/7/11;6:52:47
3.62;2023/7/11;6:52:49
3.62;2023/7/11;6:52:51
3.62;2023/7/11;6:52:53
3.62;2023/7/11;6:52:55
1.86;2023/7/11;6:52:57
3.52;2023/7/11;6:52:59
3.52;2023/7/11;6:53:1
3.42;2023/7/11;6:53:3
3.32;2023/7/11;6:53:5
3.13;2023/7/11;6:53:8
1.76;2023/7/11;6:53:10
1.76;2023/7/11;6:53:12
1.56;2023/7/11;6:56:33
3.23;2023/7/11;6:56:34
3.32;2023/7/11;6:56:36
3.32;2023/7/11;6:56:38
3.32;2023/7/11;6:56:40
3.32;2023/7/11;6:56:42
3.32;2023/7/11;6:56:44
3.32;2023/7/11;6:56:46
3.32;2023/7/11;6:56:48
3.32;2023/7/11;6:56:50
3.32;2023/7/11;6:56:52
3.32;2023/7/11;6:56:54
3.32;2023/7/11;6:56:57
3.42;2023/7/11;6:56:58
3.32;2023/7/11;6:57:1
3.32;2023/7/11;6:57:3
3.32;2023/7/11;6:57:5
3.32;2023/7/11;6:57:7
3.32;2023/7/11;6:57:10
3.32;2023/7/11;6:57:11
3.32;2023/7/11;6:57:13
3.32;2023/7/11;6:57:15
3.32;2023/7/11;6:57:17
3.32;2023/7/11;6:57:19
3.32;2023/7/11;6:57:21
3.32;2023/7/11;6:57:24
3.32;2023/7/11;6:57:26
3.32;2023/7/11;6:57:28
3.32;2023/7/11;6:57:30
3.32;2023/7/11;6:57:32
3.32;2023/7/11;6:57:34
3.32;2023/7/11;6:57:36
3.32;2023/7/11;6:57:38
3.32;2023/7/11;6:57:40
3.32;2023/7/11;6:57:42
3.32;2023/7/11;6:57:44
3.32;2023/7/11;6:57:46
3.32;2023/7/11;6:57:48
3.32;2023/7/11;6:57:51
3.32;2023/7/11;6:57:53
3.32;2023/7/11;6:57:55
3.32;2023/7/11;6:57:57
3.32;2023/7/11;6:57:59
3.32;2023/7/11;6:58:1
3.32;2023/7/11;6:58:3
3.32;2023/7/11;6:58:5
3.32;2023/7/11;6:58:7
3.32;2023/7/11;6:58:9
3.32;2023/7/11;6:58:11
3.32;2023/7/11;6:58:13
3.32;2023/7/11;6:58:15
3.32;2023/7/11;6:58:18
3.32;2023/7/11;6:58:20
3.23;2023/7/11;6:58:22
3.23;2023/7/11;6:58:24
3.23;2023/7/11;6:58:26
3.32;2023/7/11;6:58:28
3.32;2023/7/11;6:58:30
3.23;2023/7/11;6:58:32
3.32;2023/7/11;6:58:34
3.32;2023/7/11;6:58:36
3.23;2023/7/11;6:58:38
10.85;2023/7/11;6:58:40
22.78;2023/7/11;6:58:43
3.23;2023/7/11;6:58:45
3.23;2023/7/11;6:58:47
3.32;2023/7/11;6:58:49
3.32;2023/7/11;6:58:51
3.32;2023/7/11;6:58:53
3.32;2023/7/11;6:58:55
3.32;2023/7/11;6:58:57
3.32;2023/7/11;6:58:59
3.32;2023/7/11;6:59:1
3.32;2023/7/11;6:59:3
3.32;2023/7/11;6:59:6
3.32;2023/7/11;6:59:8
3.32;2023/7/11;6:59:10
3.32;2023/7/11;6:59:12
3.32;2023/7/11;6:59:14
3.32;2023/7/11;6:59:16
3.32;2023/7/11;6:59:18
3.42;2023/7/11;6:59:20
3.32;2023/7/11;6:59:22
3.32;2023/7/11;6:59:24
3.32;2023/7/11;6:59:26
3.32;2023/7/11;6:59:28
3.32;2023/7/11;6:59:30
3.32;2023/7/11;6:59:33
3.32;2023/7/11;6:59:35
3.32;2023/7/11;6:59:37
3.42;2023/7/11;6:59:39
3.32;2023/7/11;6:59:41
3.32;2023/7/11;6:59:43
3.23;2023/7/11;7:0:11
3.23;2023/7/11;7:0:12
4.01;2023/7/11;7:0:14
4.11;2023/7/11;7:0:16
4.01;2023/7/11;7:0:18
4.11;2023/7/11;7:0:20
4.11;2023/7/11;7:0:22
4.01;2023/7/11;7:0:25
4.11;2023/7/11;7:0:27
4.01;2023/7/11;7:0:29
4.01;2023/7/11;7:0:31
4.11;2023/7/11;7:0:33
4.11;2023/7/11;7:0:35
4.01;2023/7/11;7:0:37
4.01;2023/7/11;7:0:39
4.11;2023/7/11;7:0:41
4.01;2023/7/11;7:0:43
4.01;2023/7/11;7:0:45
4.11;2023/7/11;7:0:47
4.01;2023/7/11;7:0:49
4.11;2023/7/11;7:0:52
4.01;2023/7/11;7:0:54
4.11;2023/7/11;7:0:56
4.01;2023/7/11;7:0:58
4.01;2023/7/11;7:1:0
4.01;2023/7/11;7:1:2
4.11;2023/7/11;7:1:4
4.11;2023/7/11;7:1:6
4.11;2023/7/11;7:1:8
4.11;2023/7/11;7:1:10
4.11;2023/7/11;7:1:13
4.01;2023/7/11;7:1:14
4.11;2023/7/11;7:1:17
4.01;2023/7/11;7:1:19
4.11;2023/7/11;7:1:21
4.01;2023/7/11;7:1:23
4.11;2023/7/11;7:1:25
4.01;2023/7/11;7:1:27
4.11;2023/7/11;7:1:29
4.01;2023/7/11;7:1:31
4.01;2023/7/11;7:1:33
4.11;2023/7/11;7:1:35
4.01;2023/7/11;7:1:37
4.11;2023/7/11;7:1:39
4.01;2023/7/11;7:1:41
4.01;2023/7/11;7:1:44
4.11;2023/7/11;7:1:49
4.01;2023/7/11;7:1:49
4.11;2023/7/11;7:1:50
4.01;2023/7/11;7:1:52
4.01;2023/7/11;7:1:54
4.01;2023/7/11;7:1:56
4.11;2023/7/11;7:1:58
4.11;2023/7/11;7:2:0
4.01;2023/7/11;7:2:2
4.11;2023/7/11;7:2:4
4.11;2023/7/11;7:2:6
4.01;2023/7/11;7:2:9
4.01;2023/7/11;7:2:11
4.01;2023/7/11;7:2:13
4.01;2023/7/11;7:2:15
4.01;2023/7/11;7:2:17
4.11;2023/7/11;7:2:19
4.01;2023/7/11;7:2:21
4.11;2023/7/11;7:2:23
4.11;2023/7/11;7:2:25
4.01;2023/7/11;7:2:27
4.01;2023/7/11;7:2:29
3.23;2023/7/11;7:2:55
3.32;2023/7/11;7:2:57
3.32;2023/7/11;7:2:58
3.32;2023/7/11;7:3:1
3.32;2023/7/11;7:3:3
3.23;2023/7/11;7:3:5
3.32;2023/7/11;7:3:7
3.23;2023/7/11;7:3:9
3.32;2023/7/11;7:3:11
3.32;2023/7/11;7:3:13
3.32;2023/7/11;7:3:15
3.32;2023/7/11;7:3:17
3.23;2023/7/11;7:3:19
3.32;2023/7/11;7:3:21
3.32;2023/7/11;7:3:24
3.32;2023/7/11;7:3:26
3.32;2023/7/11;7:3:28
3.32;2023/7/11;7:3:30
3.32;2023/7/11;7:3:32
3.32;2023/7/11;7:3:34
3.32;2023/7/11;7:3:36
3.32;2023/7/11;7:3:38
3.32;2023/7/11;7:3:40
3.32;2023/7/11;7:3:47
3.32;2023/7/11;7:3:47
3.32;2023/7/11;7:3:47
3.32;2023/7/11;7:3:48
3.32;2023/7/11;7:3:51
3.32;2023/7/11;7:3:53
3.32;2023/7/11;7:3:55
3.32;2023/7/11;7:3:57
3.32;2023/7/11;7:3:59
4.11;2023/7/11;7:4:1
3.32;2023/7/11;7:4:3
3.23;2023/7/11;7:4:5
3.32;2023/7/11;7:4:7
3.32;2023/7/11;7:4:9
4.11;2023/7/11;7:4:11
3.91;2023/7/11;7:4:13
3.32;2023/7/11;7:4:15
1.56;2023/7/11;7:4:18
3.23;2023/7/11;7:4:20
3.32;2023/7/11;7:4:22
1.86;2023/7/11;7:4:24
3.13;2023/7/11;7:4:26
3.32;2023/7/11;7:4:28
3.42;2023/7/11;7:4:30
3.32;2023/7/11;7:4:32
3.42;2023/7/11;7:4:34
3.42;2023/7/11;7:4:36
3.42;2023/7/11;7:4:38
3.32;2023/7/11;7:4:40
3.32;2023/7/11;7:4:43
3.32;2023/7/11;7:4:45
3.13;2023/7/11;7:4:47
3.23;2023/7/11;7:4:49
3.23;2023/7/11;7:4:51
3.23;2023/7/11;7:4:53
3.23;2023/7/11;7:4:55
3.23;2023/7/11;7:4:57
3.23;2023/7/11;7:4:59
3.32;2023/7/11;7:5:1
2.15;2023/7/11;7:5:3
1.56;2023/7/11;7:5:5
3.03;2023/7/11;7:5:8
