0;2023/7/10;22:37:7
0;2023/7/10;22:37:9
0;2023/7/10;22:37:11
0;2023/7/10;22:37:13
0;2023/7/10;22:37:15
0;2023/7/10;22:37:17
0;2023/7/10;22:37:19
0;2023/7/10;22:37:21
0;2023/7/10;22:37:23
0;2023/7/10;22:37:26
0;2023/7/10;22:37:28
0;2023/7/10;22:37:30
0;2023/7/10;22:37:32
0;2023/7/10;22:37:34
0;2023/7/10;22:37:36
0;2023/7/10;22:37:38
0;2023/7/10;22:37:40
0;2023/7/10;22:37:42
0;2023/7/10;22:37:44
0;2023/7/10;22:37:46
0;2023/7/10;22:37:48
0;2023/7/10;22:37:50
0;2023/7/10;22:37:53
0;2023/7/10;22:37:55
0;2023/7/10;22:37:57
0;2023/7/10;22:37:59
0;2023/7/10;22:38:1
0;2023/7/10;22:38:3
0;2023/7/10;22:38:5
0;2023/7/10;22:38:7
0;2023/7/10;22:38:9
0;2023/7/10;22:38:11
0;2023/7/10;22:38:13
0;2023/7/10;22:38:15
0;2023/7/10;22:38:17
0;2023/7/10;22:38:19
0;2023/7/10;22:38:22
0;2023/7/10;22:38:24
0;2023/7/10;22:38:26
0;2023/7/10;22:38:28
0;2023/7/10;22:38:30
0;2023/7/10;22:38:32
0;2023/7/10;22:38:34
0;2023/7/10;22:38:36
0;2023/7/10;22:38:38
0;2023/7/10;22:38:40
0;2023/7/10;22:38:42
0;2023/7/10;22:38:44
0;2023/7/10;22:38:46
0;2023/7/10;22:38:49
0;2023/7/10;22:38:51
0;2023/7/10;22:38:53
0;2023/7/10;22:38:55
0;2023/7/10;22:38:57
0;2023/7/10;22:38:59
0;2023/7/10;22:39:1
0;2023/7/10;22:39:4
0;2023/7/10;22:39:5
0;2023/7/10;22:39:7
0;2023/7/10;22:39:9
0;2023/7/10;22:39:12
0;2023/7/10;22:39:13
0;2023/7/10;22:39:16
0;2023/7/10;22:39:18
0;2023/7/10;22:39:20
0;2023/7/10;22:39:22
0;2023/7/10;22:39:24
0;2023/7/10;22:39:26
0;2023/7/10;22:39:28
0;2023/7/10;22:39:30
0;2023/7/10;22:39:32
0;2023/7/10;22:39:34
0;2023/7/10;22:39:36
0;2023/7/10;22:39:38
0;2023/7/10;22:39:40
0;2023/7/10;22:39:43
0;2023/7/10;22:39:45
0;2023/7/10;22:39:47
0;2023/7/10;22:39:49
0;2023/7/10;22:39:51
0;2023/7/10;22:39:53
0;2023/7/10;22:39:55
0;2023/7/10;22:39:57
0;2023/7/10;22:39:59
0;2023/7/10;22:40:1
0;2023/7/10;22:40:3
0;2023/7/10;22:40:5
0;2023/7/10;22:40:7
0;2023/7/10;22:40:10
0;2023/7/10;22:40:12
0;2023/7/10;22:40:14
0;2023/7/10;22:40:16
0;2023/7/10;22:40:18
0;2023/7/10;22:40:20
0;2023/7/10;22:40:22
0;2023/7/10;22:40:24
0;2023/7/10;22:40:26
0;2023/7/10;22:40:28
0;2023/7/10;22:40:30
0;2023/7/10;22:40:32
0;2023/7/10;22:40:35
0;2023/7/10;22:40:37
0;2023/7/10;22:40:39
0;2023/7/10;22:40:41
0;2023/7/10;22:40:43
0;2023/7/10;22:40:45
0;2023/7/10;22:40:47
0;2023/7/10;22:40:49
0;2023/7/10;22:40:51
0;2023/7/10;22:40:53
0;2023/7/10;22:40:55
0;2023/7/10;22:40:57
0;2023/7/10;22:40:59
0;2023/7/10;22:41:1
0;2023/7/10;22:41:4
0;2023/7/10;22:41:6
0;2023/7/10;22:41:8
0;2023/7/10;22:41:10
0;2023/7/10;22:41:12
0;2023/7/10;22:41:14
0;2023/7/10;22:41:16
0;2023/7/10;22:41:18
0;2023/7/10;22:41:20
0;2023/7/10;22:41:22
0;2023/7/10;22:41:24
0;2023/7/10;22:41:26
0;2023/7/10;22:41:29
0;2023/7/10;22:41:31
0;2023/7/10;22:41:33
0;2023/7/10;22:41:35
0;2023/7/10;22:41:37
0;2023/7/10;22:41:39
0;2023/7/10;22:41:41
0;2023/7/10;22:41:43
0;2023/7/10;22:41:45
0;2023/7/10;22:41:47
0;2023/7/10;22:41:49
0;2023/7/10;22:41:51
0;2023/7/10;22:41:53
0;2023/7/10;22:41:55
0;2023/7/10;22:41:57
0;2023/7/10;22:42:0
0;2023/7/10;22:42:2
0;2023/7/10;22:42:4
0;2023/7/10;22:42:6
0;2023/7/10;22:42:8
0;2023/7/10;22:42:10
0;2023/7/10;22:42:12
0;2023/7/10;22:42:14
0;2023/7/10;22:42:16
0;2023/7/10;22:42:18
0;2023/7/10;22:42:20
0;2023/7/10;22:42:22
0;2023/7/10;22:42:25
0;2023/7/10;22:42:27
0;2023/7/10;22:42:29
0;2023/7/10;22:42:31
0;2023/7/10;22:42:33
0;2023/7/10;22:42:35
0;2023/7/10;22:42:37
0;2023/7/10;22:42:39
0;2023/7/10;22:42:41
0;2023/7/10;22:42:43
0;2023/7/10;22:42:45
0;2023/7/10;22:42:47
0;2023/7/10;22:42:49
0;2023/7/10;22:42:51
0;2023/7/10;22:42:54
0;2023/7/10;22:42:56
0;2023/7/10;22:42:58
0;2023/7/10;22:43:0
0;2023/7/10;22:43:2
0;2023/7/10;22:43:4
0;2023/7/10;22:43:9
0;2023/7/10;22:43:9
0;2023/7/10;22:43:10
0;2023/7/10;22:43:12
0;2023/7/10;22:43:14
0;2023/7/10;22:43:16
0;2023/7/10;22:43:18
0;2023/7/10;22:43:21
0;2023/7/10;22:43:23
0;2023/7/10;22:43:25
0;2023/7/10;22:43:27
0;2023/7/10;22:43:29
0;2023/7/10;22:43:31
0;2023/7/10;22:43:33
0;2023/7/10;22:43:35
0;2023/7/10;22:43:37
0;2023/7/10;22:43:39
0;2023/7/10;22:43:41
0;2023/7/10;22:43:43
0;2023/7/10;22:43:45
0;2023/7/10;22:43:48
0;2023/7/10;22:43:50
0;2023/7/10;22:43:52
0;2023/7/10;22:43:54
0;2023/7/10;22:43:56
0;2023/7/10;22:43:58
0;2023/7/10;22:44:0
0;2023/7/10;22:44:2
0;2023/7/10;22:44:4
0;2023/7/10;22:44:6
0;2023/7/10;22:44:8
0;2023/7/10;22:44:10
0;2023/7/10;22:44:12
0;2023/7/10;22:44:15
0;2023/7/10;22:44:17
0;2023/7/10;22:44:19
0;2023/7/10;22:44:21
0;2023/7/10;22:44:23
0;2023/7/10;22:44:25
0;2023/7/10;22:44:27
0;2023/7/10;22:44:29
0;2023/7/10;22:44:31
0;2023/7/10;22:44:33
0;2023/7/10;22:44:35
0;2023/7/10;22:44:37
0;2023/7/10;22:44:39
0;2023/7/10;22:44:42
0;2023/7/10;22:44:44
0;2023/7/10;22:44:46
0;2023/7/10;22:44:48
0;2023/7/10;22:44:50
0;2023/7/10;22:44:52
0;2023/7/10;22:44:54
0;2023/7/10;22:44:56
0;2023/7/10;22:44:58
0;2023/7/10;22:45:0
0;2023/7/10;22:45:2
0;2023/7/10;22:45:5
0;2023/7/10;22:45:6
0;2023/7/10;22:45:9
0;2023/7/10;22:45:11
0;2023/7/10;22:45:13
0;2023/7/10;22:45:15
0;2023/7/10;22:45:17
0;2023/7/10;22:45:19
0;2023/7/10;22:45:21
0;2023/7/10;22:45:23
0;2023/7/10;22:45:25
0;2023/7/10;22:45:27
0;2023/7/10;22:45:29
0;2023/7/10;22:45:31
0;2023/7/10;22:45:33
0;2023/7/10;22:45:36
0;2023/7/10;22:45:38
0;2023/7/10;22:45:40
0;2023/7/10;22:45:42
0;2023/7/10;22:45:44
0;2023/7/10;22:45:46
0;2023/7/10;22:45:48
0;2023/7/10;22:45:50
0;2023/7/10;22:45:52
0;2023/7/10;22:45:54
0;2023/7/10;22:45:56
0;2023/7/10;22:45:58
0;2023/7/10;22:46:0
0;2023/7/10;22:46:3
0;2023/7/10;22:46:5
0;2023/7/10;22:46:7
0;2023/7/10;22:46:9
0;2023/7/10;22:46:11
0;2023/7/10;22:46:13
0;2023/7/10;22:46:15
0;2023/7/10;22:46:17
0;2023/7/10;22:46:19
0;2023/7/10;22:46:21
0;2023/7/10;22:46:23
0;2023/7/10;22:46:25
0;2023/7/10;22:46:27
0;2023/7/10;22:46:29
0;2023/7/10;22:46:32
0;2023/7/10;22:46:34
0;2023/7/10;22:46:36
0;2023/7/10;22:46:38
0;2023/7/10;22:46:40
0;2023/7/10;22:46:47
0;2023/7/10;22:46:47
0;2023/7/10;22:46:47
0;2023/7/10;22:46:48
0;2023/7/10;22:46:50
0;2023/7/10;22:46:52
0;2023/7/10;22:46:54
0;2023/7/10;22:46:56
0;2023/7/10;22:46:59
0;2023/7/10;22:47:1
0;2023/7/10;22:47:3
0;2023/7/10;22:47:5
0;2023/7/10;22:47:7
0;2023/7/10;22:47:9
0;2023/7/10;22:47:11
0;2023/7/10;22:47:13
0;2023/7/10;22:47:15
0;2023/7/10;22:47:17
0;2023/7/10;22:47:19
0;2023/7/10;22:47:21
0;2023/7/10;22:47:24
0;2023/7/10;22:47:26
0;2023/7/10;22:47:28
0;2023/7/10;22:47:30
0;2023/7/10;22:47:32
0;2023/7/10;22:47:34
0;2023/7/10;22:47:36
0;2023/7/10;22:47:38
0;2023/7/10;22:47:40
0;2023/7/10;22:47:42
0;2023/7/10;22:47:44
0;2023/7/10;22:47:46
0;2023/7/10;22:47:48
0;2023/7/10;22:47:50
0;2023/7/10;22:47:53
0;2023/7/10;22:47:55
0;2023/7/10;22:47:57
0;2023/7/10;22:47:59
0;2023/7/10;22:48:1
0;2023/7/10;22:48:3
0;2023/7/10;22:48:5
0;2023/7/10;22:48:7
0;2023/7/10;22:48:9
0;2023/7/10;22:48:11
0;2023/7/10;22:48:13
0;2023/7/10;22:48:15
0;2023/7/10;22:48:17
0;2023/7/10;22:48:20
0;2023/7/10;22:48:22
0;2023/7/10;22:48:24
0;2023/7/10;22:48:26
0;2023/7/10;22:48:28
0;2023/7/10;22:48:30
0;2023/7/10;22:48:32
0;2023/7/10;22:48:34
0;2023/7/10;22:48:36
0;2023/7/10;22:48:38
0;2023/7/10;22:48:40
0;2023/7/10;22:48:42
0;2023/7/10;22:48:44
0;2023/7/10;22:48:47
0;2023/7/10;22:48:49
0;2023/7/10;22:48:51
0;2023/7/10;22:48:53
0;2023/7/10;22:48:55
0;2023/7/10;22:48:57
0;2023/7/10;22:48:59
0;2023/7/10;22:49:1
0;2023/7/10;22:49:3
0;2023/7/10;22:49:5
0;2023/7/10;22:49:7
0;2023/7/10;22:49:9
0;2023/7/10;22:49:11
0;2023/7/10;22:49:14
0;2023/7/10;22:49:16
0;2023/7/10;22:49:18
0;2023/7/10;22:49:20
0;2023/7/10;22:49:22
0;2023/7/10;22:49:24
0;2023/7/10;22:49:26
0;2023/7/10;22:49:28
0;2023/7/10;22:49:30
0;2023/7/10;22:49:32
0;2023/7/10;22:49:34
0;2023/7/10;22:49:36
0;2023/7/10;22:49:38
0;2023/7/10;22:49:41
0;2023/7/10;22:49:43
0;2023/7/10;22:49:45
0;2023/7/10;22:49:47
0;2023/7/10;22:49:49
0;2023/7/10;22:49:51
0;2023/7/10;22:49:53
0;2023/7/10;22:49:55
0;2023/7/10;22:49:57
0;2023/7/10;22:49:59
0;2023/7/10;22:50:1
0;2023/7/10;22:50:3
0;2023/7/10;22:50:5
0;2023/7/10;22:50:8
0;2023/7/10;22:50:10
0;2023/7/10;22:50:12
0;2023/7/10;22:50:14
0;2023/7/10;22:50:16
0;2023/7/10;22:50:18
0;2023/7/10;22:50:20
0;2023/7/10;22:50:22
0;2023/7/10;22:50:24
0;2023/7/10;22:50:26
0;2023/7/10;22:50:28
0;2023/7/10;22:50:30
0;2023/7/10;22:50:32
0;2023/7/10;22:50:34
0;2023/7/10;22:50:37
0;2023/7/10;22:50:39
0;2023/7/10;22:50:41
0;2023/7/10;22:50:43
0;2023/7/10;22:50:45
0;2023/7/10;22:50:47
0;2023/7/10;22:50:49
0;2023/7/10;22:50:51
0;2023/7/10;22:50:53
0;2023/7/10;22:50:55
0;2023/7/10;22:50:57
0;2023/7/10;22:50:59
0;2023/7/10;22:51:1
0;2023/7/10;22:51:4
0;2023/7/10;22:51:6
0;2023/7/10;22:51:8
0;2023/7/10;22:51:10
0;2023/7/10;22:51:12
0;2023/7/10;22:51:14
0;2023/7/10;22:51:16
0;2023/7/10;22:51:18
0;2023/7/10;22:51:20
0;2023/7/10;22:51:23
0;2023/7/10;22:51:25
0;2023/7/10;22:51:27
0;2023/7/10;22:51:29
0;2023/7/10;22:51:31
0;2023/7/10;22:51:33
0;2023/7/10;22:51:35
0;2023/7/10;22:51:37
0;2023/7/10;22:51:40
0;2023/7/10;22:51:42
0;2023/7/10;22:51:44
0;2023/7/10;22:51:46
0;2023/7/10;22:51:48
0;2023/7/10;22:51:50
0;2023/7/10;22:51:55
0;2023/7/10;22:51:55
0;2023/7/10;22:51:56
0;2023/7/10;22:51:58
0;2023/7/10;22:52:0
0;2023/7/10;22:52:2
0;2023/7/10;22:52:4
0;2023/7/10;22:52:7
0;2023/7/10;22:52:9
0;2023/7/10;22:52:11
0;2023/7/10;22:52:13
0;2023/7/10;22:52:15
0;2023/7/10;22:52:17
0;2023/7/10;22:52:19
0;2023/7/10;22:52:21
0;2023/7/10;22:52:23
0;2023/7/10;22:52:25
0;2023/7/10;22:52:27
0;2023/7/10;22:52:29
0;2023/7/10;22:52:32
0;2023/7/10;22:52:34
0;2023/7/10;22:52:36
0;2023/7/10;22:52:38
0;2023/7/10;22:52:40
0;2023/7/10;22:52:42
0;2023/7/10;22:52:44
0;2023/7/10;22:52:46
0;2023/7/10;22:52:48
0;2023/7/10;22:52:50
0;2023/7/10;22:52:52
0;2023/7/10;22:52:54
0;2023/7/10;22:52:56
0;2023/7/10;22:52:59
0;2023/7/10;22:53:1
0;2023/7/10;22:53:3
0;2023/7/10;22:53:5
0;2023/7/10;22:53:7
0;2023/7/10;22:53:9
0;2023/7/10;22:53:11
0;2023/7/10;22:53:13
0;2023/7/10;22:53:18
0;2023/7/10;22:53:18
0;2023/7/10;22:53:19
0;2023/7/10;22:53:21
0;2023/7/10;22:53:24
0;2023/7/10;22:53:26
0;2023/7/10;22:53:28
0;2023/7/10;22:53:30
0;2023/7/10;22:53:32
0;2023/7/10;22:53:34
0;2023/7/10;22:53:36
0;2023/7/10;22:53:38
0;2023/7/10;22:53:40
0;2023/7/10;22:53:42
0;2023/7/10;22:53:44
0;2023/7/10;22:53:46
0;2023/7/10;22:53:48
0;2023/7/10;22:53:51
0;2023/7/10;22:53:53
0;2023/7/10;22:53:55
0;2023/7/10;22:53:57
0;2023/7/10;22:53:59
0;2023/7/10;22:54:1
0;2023/7/10;22:54:3
0;2023/7/10;22:54:5
0;2023/7/10;22:54:7
0;2023/7/10;22:54:9
0;2023/7/10;22:54:11
0;2023/7/10;22:54:13
0;2023/7/10;22:54:16
0;2023/7/10;22:54:18
0;2023/7/10;22:54:20
0;2023/7/10;22:54:22
0;2023/7/10;22:54:24
0;2023/7/10;22:54:26
0;2023/7/10;22:54:28
0;2023/7/10;22:54:30
0;2023/7/10;22:54:32
0;2023/7/10;22:54:34
0;2023/7/10;22:54:36
0;2023/7/10;22:54:38
0;2023/7/10;22:54:41
0;2023/7/10;22:54:43
0;2023/7/10;22:54:45
0;2023/7/10;22:54:47
0;2023/7/10;22:54:49
0;2023/7/10;22:54:51
0;2023/7/10;22:54:53
0;2023/7/10;22:54:55
0;2023/7/10;22:54:57
0;2023/7/10;22:55:0
0;2023/7/10;22:55:1
0;2023/7/10;22:55:4
0;2023/7/10;22:55:6
0;2023/7/10;22:55:8
0;2023/7/10;22:55:10
0;2023/7/10;22:55:12
0;2023/7/10;22:55:14
0;2023/7/10;22:55:16
0;2023/7/10;22:55:18
0;2023/7/10;22:55:20
0;2023/7/10;22:55:22
0;2023/7/10;22:55:25
0;2023/7/10;22:55:27
0;2023/7/10;22:55:29
0;2023/7/10;22:55:31
0;2023/7/10;22:55:33
0;2023/7/10;22:55:35
0;2023/7/10;22:55:37
0;2023/7/10;22:55:39
0;2023/7/10;22:55:42
0;2023/7/10;22:55:44
0;2023/7/10;22:55:46
0;2023/7/10;22:55:48
0;2023/7/10;22:55:50
0;2023/7/10;22:55:52
0;2023/7/10;22:55:54
0;2023/7/10;22:55:56
0;2023/7/10;22:55:58
0;2023/7/10;22:56:0
0;2023/7/10;22:56:2
0;2023/7/10;22:56:4
0;2023/7/10;22:56:6
0;2023/7/10;22:56:8
0;2023/7/10;22:56:11
0;2023/7/10;22:56:13
0;2023/7/10;22:56:15
0;2023/7/10;22:56:17
0;2023/7/10;22:56:19
0;2023/7/10;22:56:21
0;2023/7/10;22:56:23
0;2023/7/10;22:56:25
0;2023/7/10;22:56:27
0;2023/7/10;22:56:29
0;2023/7/10;22:56:31
0;2023/7/10;22:56:34
0;2023/7/10;22:56:36
0;2023/7/10;22:56:38
0;2023/7/10;22:56:40
0;2023/7/10;22:56:42
0;2023/7/10;22:56:44
0;2023/7/10;22:56:46
0;2023/7/10;22:56:48
0;2023/7/10;22:56:50
0;2023/7/10;22:56:52
0;2023/7/10;22:56:54
0;2023/7/10;22:56:56
0;2023/7/10;22:56:59
0;2023/7/10;22:57:1
0;2023/7/10;22:57:3
0;2023/7/10;22:57:5
0;2023/7/10;22:57:7
0;2023/7/10;22:57:9
0;2023/7/10;22:57:11
0;2023/7/10;22:57:13
0;2023/7/10;22:57:15
0;2023/7/10;22:57:17
0;2023/7/10;22:57:19
0;2023/7/10;22:57:21
0;2023/7/10;22:57:24
0;2023/7/10;22:57:26
0;2023/7/10;22:57:28
0;2023/7/10;22:57:30
0;2023/7/10;22:57:32
0;2023/7/10;22:57:34
0;2023/7/10;22:57:36
0;2023/7/10;22:57:38
0;2023/7/10;22:57:40
0;2023/7/10;22:57:42
0;2023/7/10;22:57:44
0;2023/7/10;22:57:46
0;2023/7/10;22:57:49
0;2023/7/10;22:57:51
0;2023/7/10;22:57:53
0;2023/7/10;22:57:55
0;2023/7/10;22:57:57
0;2023/7/10;22:57:59
0;2023/7/10;22:58:1
0;2023/7/10;22:58:3
0;2023/7/10;22:58:5
0;2023/7/10;22:58:7
0;2023/7/10;22:58:9
0;2023/7/10;22:58:11
0;2023/7/10;22:58:14
0;2023/7/10;22:58:16
0;2023/7/10;22:58:18
0;2023/7/10;22:58:20
0;2023/7/10;22:58:22
0;2023/7/10;22:58:24
0;2023/7/10;22:58:26
0;2023/7/10;22:58:28
0;2023/7/10;22:58:30
0;2023/7/10;22:58:32
0;2023/7/10;22:58:34
0;2023/7/10;22:58:36
0;2023/7/10;22:58:39
0;2023/7/10;22:58:41
0;2023/7/10;22:58:43
0;2023/7/10;22:58:45
0;2023/7/10;22:58:47
0;2023/7/10;22:58:49
0;2023/7/10;22:58:51
0;2023/7/10;22:58:53
0;2023/7/10;22:58:55
0;2023/7/10;22:58:57
0;2023/7/10;22:58:59
0;2023/7/10;22:59:1
0;2023/7/10;22:59:4
0;2023/7/10;22:59:6
0;2023/7/10;22:59:8
0;2023/7/10;22:59:10
0;2023/7/10;22:59:12
0;2023/7/10;22:59:14
0;2023/7/10;22:59:16
0;2023/7/10;22:59:19
0;2023/7/10;22:59:20
0;2023/7/10;22:59:22
0;2023/7/10;22:59:24
0;2023/7/10;22:59:26
0;2023/7/10;22:59:29
0;2023/7/10;22:59:31
0;2023/7/10;22:59:33
0;2023/7/10;22:59:35
0;2023/7/10;22:59:37
0;2023/7/10;22:59:39
0;2023/7/10;22:59:41
0;2023/7/10;22:59:43
0;2023/7/10;22:59:45
0;2023/7/10;22:59:47
0;2023/7/10;22:59:49
0;2023/7/10;22:59:51
0;2023/7/10;22:59:54
0;2023/7/10;22:59:56
0;2023/7/10;22:59:58
0;2023/7/10;23:0:0
0;2023/7/10;23:0:2
0;2023/7/10;23:0:4
0;2023/7/10;23:0:6
0;2023/7/10;23:0:8
0;2023/7/10;23:0:10
0;2023/7/10;23:0:12
0;2023/7/10;23:0:14
0;2023/7/10;23:0:16
0;2023/7/10;23:0:19
0;2023/7/10;23:0:21
0;2023/7/10;23:0:23
0;2023/7/10;23:0:25
0;2023/7/10;23:0:27
0;2023/7/10;23:0:29
0;2023/7/10;23:0:31
0;2023/7/10;23:0:33
0;2023/7/10;23:0:35
0;2023/7/10;23:0:37
0;2023/7/10;23:0:39
0;2023/7/10;23:0:41
0;2023/7/10;23:0:44
0;2023/7/10;23:0:46
0;2023/7/10;23:0:48
0;2023/7/10;23:0:50
0;2023/7/10;23:0:52
0;2023/7/10;23:0:54
0;2023/7/10;23:0:56
0;2023/7/10;23:0:58
0;2023/7/10;23:1:0
0;2023/7/10;23:1:3
0;2023/7/10;23:1:5
0;2023/7/10;23:1:7
0;2023/7/10;23:1:9
0;2023/7/10;23:1:11
0;2023/7/10;23:1:13
0;2023/7/10;23:1:15
0;2023/7/10;23:1:17
0;2023/7/10;23:1:19
0;2023/7/10;23:1:21
0;2023/7/10;23:1:23
0;2023/7/10;23:1:25
0;2023/7/10;23:1:28
0;2023/7/10;23:1:30
0;2023/7/10;23:1:32
0;2023/7/10;23:1:34
0;2023/7/10;23:1:36
0;2023/7/10;23:1:38
0;2023/7/10;23:1:40
0;2023/7/10;23:1:42
0;2023/7/10;23:1:44
0;2023/7/10;23:1:46
0;2023/7/10;23:1:48
0;2023/7/10;23:1:50
0;2023/7/10;23:1:53
0;2023/7/10;23:1:55
0;2023/7/10;23:1:57
0;2023/7/10;23:1:59
0;2023/7/10;23:2:1
0;2023/7/10;23:2:3
0;2023/7/10;23:2:5
0;2023/7/10;23:2:7
0;2023/7/10;23:2:9
0;2023/7/10;23:2:11
0;2023/7/10;23:2:13
0;2023/7/10;23:2:15
0;2023/7/10;23:2:17
0;2023/7/10;23:2:20
0;2023/7/10;23:2:22
0;2023/7/10;23:2:24
0;2023/7/10;23:2:26
0;2023/7/10;23:2:28
0;2023/7/10;23:2:30
0;2023/7/10;23:2:32
0;2023/7/10;23:2:34
0;2023/7/10;23:2:36
0;2023/7/10;23:2:38
0;2023/7/10;23:2:40
0;2023/7/10;23:2:42
0;2023/7/10;23:2:45
0;2023/7/10;23:2:47
0;2023/7/10;23:2:49
0;2023/7/10;23:2:51
0;2023/7/10;23:2:53
0;2023/7/10;23:2:55
0;2023/7/10;23:2:57
0;2023/7/10;23:2:59
0;2023/7/10;23:3:1
0;2023/7/10;23:3:3
0;2023/7/10;23:3:5
0;2023/7/10;23:3:7
0;2023/7/10;23:3:9
0;2023/7/10;23:3:12
0;2023/7/10;23:3:14
0;2023/7/10;23:3:16
0;2023/7/10;23:3:18
0;2023/7/10;23:3:20
0;2023/7/10;23:3:22
0;2023/7/10;23:3:24
0;2023/7/10;23:3:26
0;2023/7/10;23:3:28
0;2023/7/10;23:3:30
0;2023/7/10;23:3:32
0;2023/7/10;23:3:34
0;2023/7/10;23:3:37
0;2023/7/10;23:3:39
0;2023/7/10;23:3:41
0;2023/7/10;23:3:43
0;2023/7/10;23:3:45
0;2023/7/10;23:3:47
0;2023/7/10;23:3:49
0;2023/7/10;23:3:51
0;2023/7/10;23:3:53
0;2023/7/10;23:3:55
0;2023/7/10;23:3:57
0;2023/7/10;23:3:59
0;2023/7/10;23:4:1
0;2023/7/10;23:4:4
0;2023/7/10;23:4:6
0;2023/7/10;23:4:8
0;2023/7/10;23:4:10
0;2023/7/10;23:4:12
0;2023/7/10;23:4:14
0;2023/7/10;23:4:16
0;2023/7/10;23:4:18
0;2023/7/10;23:4:20
0;2023/7/10;23:4:22
0;2023/7/10;23:4:24
0;2023/7/10;23:4:26
0;2023/7/10;23:4:29
0;2023/7/10;23:4:31
0;2023/7/10;23:4:33
0;2023/7/10;23:4:35
0;2023/7/10;23:4:37
0;2023/7/10;23:4:39
0;2023/7/10;23:4:41
0;2023/7/10;23:4:43
0;2023/7/10;23:4:45
0;2023/7/10;23:4:47
0;2023/7/10;23:4:49
0;2023/7/10;23:4:51
0;2023/7/10;23:4:54
0;2023/7/10;23:4:56
0;2023/7/10;23:4:58
0;2023/7/10;23:5:0
0;2023/7/10;23:5:2
0;2023/7/10;23:5:4
0;2023/7/10;23:5:6
0;2023/7/10;23:5:8
0;2023/7/10;23:5:10
0;2023/7/10;23:5:12
0;2023/7/10;23:5:14
0;2023/7/10;23:5:16
0;2023/7/10;23:5:18
0;2023/7/10;23:5:21
0;2023/7/10;23:5:23
0;2023/7/10;23:5:25
0;2023/7/10;23:5:27
0;2023/7/10;23:5:29
0;2023/7/10;23:5:31
0;2023/7/10;23:5:33
0;2023/7/10;23:5:35
0;2023/7/10;23:5:37
0;2023/7/10;23:5:39
0;2023/7/10;23:5:41
0;2023/7/10;23:5:43
0;2023/7/10;23:5:46
0;2023/7/10;23:5:48
0;2023/7/10;23:5:50
0;2023/7/10;23:5:52
0;2023/7/10;23:5:54
0;2023/7/10;23:5:56
0;2023/7/10;23:5:58
0;2023/7/10;23:6:0
0;2023/7/10;23:6:2
0;2023/7/10;23:6:4
0;2023/7/10;23:6:6
0;2023/7/10;23:6:8
0;2023/7/10;23:6:10
0;2023/7/10;23:6:13
0;2023/7/10;23:6:15
0;2023/7/10;23:6:17
0;2023/7/10;23:6:19
0;2023/7/10;23:6:21
0;2023/7/10;23:6:23
0;2023/7/10;23:6:25
0;2023/7/10;23:6:27
0;2023/7/10;23:6:29
0;2023/7/10;23:6:31
0;2023/7/10;23:6:33
0;2023/7/10;23:6:35
0;2023/7/10;23:6:38
0;2023/7/10;23:6:40
0;2023/7/10;23:6:42
0;2023/7/10;23:6:44
0;2023/7/10;23:6:46
0;2023/7/10;23:6:48
0;2023/7/10;23:6:50
0;2023/7/10;23:6:52
0;2023/7/10;23:6:54
0;2023/7/10;23:6:56
0;2023/7/10;23:6:58
0;2023/7/10;23:7:0
0;2023/7/10;23:7:2
0;2023/7/10;23:7:5
0;2023/7/10;23:7:7
0;2023/7/10;23:7:9
0;2023/7/10;23:7:11
0;2023/7/10;23:7:13
0;2023/7/10;23:7:15
0;2023/7/10;23:7:17
0;2023/7/10;23:7:19
0;2023/7/10;23:7:21
0;2023/7/10;23:7:23
0;2023/7/10;23:7:25
0;2023/7/10;23:7:27
0;2023/7/10;23:7:30
0;2023/7/10;23:7:32
0;2023/7/10;23:7:34
0;2023/7/10;23:7:36
0;2023/7/10;23:7:38
0;2023/7/10;23:7:40
0;2023/7/10;23:7:42
0;2023/7/10;23:7:44
0;2023/7/10;23:7:46
0;2023/7/10;23:7:48
0;2023/7/10;23:7:50
0;2023/7/10;23:7:52
0;2023/7/10;23:7:54
0;2023/7/10;23:7:57
0;2023/7/10;23:7:59
0;2023/7/10;23:8:1
0;2023/7/10;23:8:3
0;2023/7/10;23:8:5
0;2023/7/10;23:8:7
0;2023/7/10;23:8:9
0;2023/7/10;23:8:11
0;2023/7/10;23:8:13
0;2023/7/10;23:8:15
0;2023/7/10;23:8:17
0;2023/7/10;23:8:19
0;2023/7/10;23:8:22
0;2023/7/10;23:8:24
0;2023/7/10;23:8:26
0;2023/7/10;23:8:28
0;2023/7/10;23:8:30
0;2023/7/10;23:8:32
0;2023/7/10;23:8:34
0;2023/7/10;23:8:36
0;2023/7/10;23:8:38
0;2023/7/10;23:8:40
0;2023/7/10;23:8:42
0;2023/7/10;23:8:44
0;2023/7/10;23:8:47
0;2023/7/10;23:8:49
0;2023/7/10;23:8:51
0;2023/7/10;23:8:53
0;2023/7/10;23:8:55
0;2023/7/10;23:8:57
0;2023/7/10;23:8:59
0;2023/7/10;23:9:1
0;2023/7/10;23:9:3
0;2023/7/10;23:9:5
0;2023/7/10;23:9:7
0;2023/7/10;23:9:9
0;2023/7/10;23:9:11
0;2023/7/10;23:9:14
0;2023/7/10;23:9:16
0;2023/7/10;23:9:18
0;2023/7/10;23:9:21
0;2023/7/10;23:9:22
0;2023/7/10;23:9:24
0;2023/7/10;23:9:26
0;2023/7/10;23:9:28
0;2023/7/10;23:9:30
0;2023/7/10;23:9:32
0;2023/7/10;23:9:34
0;2023/7/10;23:9:36
0;2023/7/10;23:9:39
0;2023/7/10;23:9:41
0;2023/7/10;23:9:43
0;2023/7/10;23:9:45
0;2023/7/10;23:9:47
0;2023/7/10;23:9:49
0;2023/7/10;23:9:51
0;2023/7/10;23:9:53
0;2023/7/10;23:9:55
0;2023/7/10;23:9:57
0;2023/7/10;23:9:59
0;2023/7/10;23:10:1
0;2023/7/10;23:10:4
0;2023/7/10;23:10:6
0;2023/7/10;23:10:8
0;2023/7/10;23:10:10
0;2023/7/10;23:10:12
0;2023/7/10;23:10:14
0;2023/7/10;23:10:16
0;2023/7/10;23:10:18
0;2023/7/10;23:10:20
0;2023/7/10;23:10:22
0;2023/7/10;23:10:24
0;2023/7/10;23:10:26
0;2023/7/10;23:10:29
0;2023/7/10;23:10:31
0;2023/7/10;23:10:33
0;2023/7/10;23:10:35
0;2023/7/10;23:10:37
0;2023/7/10;23:10:39
0;2023/7/10;23:10:41
0;2023/7/10;23:10:43
0;2023/7/10;23:10:46
0;2023/7/10;23:10:47
0;2023/7/10;23:10:49
0;2023/7/10;23:10:51
0;2023/7/10;23:10:54
0;2023/7/10;23:10:56
0;2023/7/10;23:10:58
0;2023/7/10;23:11:0
0;2023/7/10;23:11:2
0;2023/7/10;23:11:4
0;2023/7/10;23:11:6
0;2023/7/10;23:11:8
0;2023/7/10;23:11:10
0;2023/7/10;23:11:12
0;2023/7/10;23:11:14
0;2023/7/10;23:11:16
0;2023/7/10;23:11:19
0;2023/7/10;23:11:21
0;2023/7/10;23:11:23
0;2023/7/10;23:11:25
0;2023/7/10;23:11:27
0;2023/7/10;23:11:29
0;2023/7/10;23:11:31
0;2023/7/10;23:11:33
0;2023/7/10;23:11:35
0;2023/7/10;23:11:37
0;2023/7/10;23:11:39
0;2023/7/10;23:11:41
0;2023/7/10;23:11:43
0;2023/7/10;23:11:46
0;2023/7/10;23:11:48
0;2023/7/10;23:11:50
0;2023/7/10;23:11:52
0;2023/7/10;23:11:54
0;2023/7/10;23:11:56
0;2023/7/10;23:11:58
0;2023/7/10;23:12:0
0;2023/7/10;23:12:2
0;2023/7/10;23:12:4
0;2023/7/10;23:12:6
0;2023/7/10;23:12:8
0;2023/7/10;23:12:11
0;2023/7/10;23:12:13
0;2023/7/10;23:12:15
0;2023/7/10;23:12:17
0;2023/7/10;23:12:19
0;2023/7/10;23:12:21
0;2023/7/10;23:12:23
0;2023/7/10;23:12:25
0;2023/7/10;23:12:27
0;2023/7/10;23:12:29
0;2023/7/10;23:12:31
0;2023/7/10;23:12:33
0;2023/7/10;23:12:36
0;2023/7/10;23:12:38
0;2023/7/10;23:12:40
0;2023/7/10;23:12:42
0;2023/7/10;23:12:44
0;2023/7/10;23:12:46
0;2023/7/10;23:12:48
0;2023/7/10;23:12:50
0;2023/7/10;23:12:52
0;2023/7/10;23:12:54
0;2023/7/10;23:12:57
0;2023/7/10;23:12:58
0;2023/7/10;23:13:0
0;2023/7/10;23:13:3
0;2023/7/10;23:13:5
0;2023/7/10;23:13:7
0;2023/7/10;23:13:9
0;2023/7/10;23:13:14
0;2023/7/10;23:13:14
0;2023/7/10;23:13:15
0;2023/7/10;23:13:17
0;2023/7/10;23:13:19
0;2023/7/10;23:13:21
0;2023/7/10;23:13:23
0;2023/7/10;23:13:25
0;2023/7/10;23:13:27
0;2023/7/10;23:13:30
0;2023/7/10;23:13:32
0;2023/7/10;23:13:34
0;2023/7/10;23:13:36
0;2023/7/10;23:13:38
0;2023/7/10;23:13:40
0;2023/7/10;23:13:42
0;2023/7/10;23:13:44
0;2023/7/10;23:13:46
0;2023/7/10;23:13:48
0;2023/7/10;23:13:50
0;2023/7/10;23:13:52
0;2023/7/10;23:13:55
0;2023/7/10;23:13:57
0;2023/7/10;23:13:59
0;2023/7/10;23:14:1
0;2023/7/10;23:14:3
0;2023/7/10;23:14:5
0;2023/7/10;23:14:7
0;2023/7/10;23:14:9
0;2023/7/10;23:14:11
0;2023/7/10;23:14:13
0;2023/7/10;23:14:15
0;2023/7/10;23:14:17
0;2023/7/10;23:14:20
0;2023/7/10;23:14:22
0;2023/7/10;23:14:24
0;2023/7/10;23:14:26
0;2023/7/10;23:14:28
0;2023/7/10;23:14:30
0;2023/7/10;23:14:32
0;2023/7/10;23:14:34
0;2023/7/10;23:14:36
0;2023/7/10;23:14:42
0;2023/7/10;23:14:42
0;2023/7/10;23:14:42
0;2023/7/10;23:14:45
0;2023/7/10;23:14:47
0;2023/7/10;23:14:49
0;2023/7/10;23:14:51
0;2023/7/10;23:14:53
0;2023/7/10;23:14:55
0;2023/7/10;23:14:57
0;2023/7/10;23:14:59
0;2023/7/10;23:15:1
0;2023/7/10;23:15:4
0;2023/7/10;23:15:6
0;2023/7/10;23:15:8
0;2023/7/10;23:15:10
0;2023/7/10;23:15:12
0;2023/7/10;23:15:14
0;2023/7/10;23:15:16
0;2023/7/10;23:15:18
0;2023/7/10;23:15:20
0;2023/7/10;23:15:22
0;2023/7/10;23:15:25
0;2023/7/10;23:15:27
0;2023/7/10;23:15:29
0;2023/7/10;23:15:31
0;2023/7/10;23:15:33
0;2023/7/10;23:15:35
0;2023/7/10;23:15:38
0;2023/7/10;23:15:40
0;2023/7/10;23:15:42
0;2023/7/10;23:15:44
0;2023/7/10;23:15:46
0;2023/7/10;23:15:48
0;2023/7/10;23:15:50
0;2023/7/10;23:15:52
0;2023/7/10;23:15:59
0;2023/7/10;23:15:59
0;2023/7/10;23:15:59
0;2023/7/10;23:16:1
0;2023/7/10;23:16:3
0;2023/7/10;23:16:5
0;2023/7/10;23:16:7
0;2023/7/10;23:16:9
0;2023/7/10;23:16:11
0;2023/7/10;23:16:13
0;2023/7/10;23:16:15
0;2023/7/10;23:16:18
0;2023/7/10;23:16:20
0;2023/7/10;23:16:22
0;2023/7/10;23:16:24
0;2023/7/10;23:16:26
0;2023/7/10;23:16:28
0;2023/7/10;23:16:30
0;2023/7/10;23:16:32
0;2023/7/10;23:16:34
0;2023/7/10;23:16:37
0;2023/7/10;23:16:39
0;2023/7/10;23:16:41
0;2023/7/10;23:16:43
0;2023/7/10;23:16:45
0;2023/7/10;23:16:47
0;2023/7/10;23:16:49
0;2023/7/10;23:16:51
0;2023/7/10;23:16:53
0;2023/7/10;23:16:55
0;2023/7/10;23:16:57
0;2023/7/10;23:17:0
0;2023/7/10;23:17:2
0;2023/7/10;23:17:4
0;2023/7/10;23:17:6
0;2023/7/10;23:17:8
0;2023/7/10;23:17:10
0;2023/7/10;23:17:12
0;2023/7/10;23:17:14
0;2023/7/10;23:17:17
0;2023/7/10;23:17:19
0;2023/7/10;23:17:21
0;2023/7/10;23:17:23
0;2023/7/10;23:17:25
0;2023/7/10;23:17:27
0;2023/7/10;23:17:29
0;2023/7/10;23:17:31
0;2023/7/10;23:17:33
0;2023/7/10;23:17:35
0;2023/7/10;23:17:38
0;2023/7/10;23:17:40
0;2023/7/10;23:17:42
0;2023/7/10;23:17:44
0;2023/7/10;23:17:46
0;2023/7/10;23:17:48
0;2023/7/10;23:17:50
0;2023/7/10;23:17:52
0;2023/7/10;23:17:54
0;2023/7/10;23:17:56
0;2023/7/10;23:17:58
0;2023/7/10;23:18:0
0;2023/7/10;23:18:3
0;2023/7/10;23:18:5
0;2023/7/10;23:18:7
0;2023/7/10;23:18:9
0;2023/7/10;23:18:11
0;2023/7/10;23:18:13
0;2023/7/10;23:18:15
0;2023/7/10;23:18:17
0;2023/7/10;23:18:19
0;2023/7/10;23:18:21
0;2023/7/10;23:18:23
0;2023/7/10;23:18:25
0;2023/7/10;23:18:28
0;2023/7/10;23:18:30
0;2023/7/10;23:18:32
0;2023/7/10;23:18:34
0;2023/7/10;23:18:36
0;2023/7/10;23:18:38
0;2023/7/10;23:18:40
0;2023/7/10;23:18:42
0;2023/7/10;23:18:44
0;2023/7/10;23:18:46
0;2023/7/10;23:18:48
0;2023/7/10;23:18:50
0;2023/7/10;23:18:53
0;2023/7/10;23:18:55
0;2023/7/10;23:18:57
0;2023/7/10;23:18:59
0;2023/7/10;23:19:1
0;2023/7/10;23:19:3
0;2023/7/10;23:19:5
0;2023/7/10;23:19:8
0;2023/7/10;23:19:9
0;2023/7/10;23:19:11
0;2023/7/10;23:19:13
0;2023/7/10;23:19:15
0;2023/7/10;23:19:18
0;2023/7/10;23:19:20
0;2023/7/10;23:19:22
0;2023/7/10;23:19:24
0;2023/7/10;23:19:26
0;2023/7/10;23:19:28
0;2023/7/10;23:19:30
0;2023/7/10;23:19:32
0;2023/7/10;23:19:34
1;2023/7/10;23:19:36
1;2023/7/10;23:19:38
1;2023/7/10;23:19:40
1;2023/7/10;23:19:43
1;2023/7/10;23:19:45
1;2023/7/10;23:19:47
0;2023/7/10;23:19:49
0;2023/7/10;23:19:51
1;2023/7/10;23:19:53
1;2023/7/10;23:19:55
1;2023/7/10;23:19:57
1;2023/7/10;23:19:59
0;2023/7/10;23:20:5
0;2023/7/10;23:20:5
0;2023/7/10;23:20:5
0;2023/7/10;23:20:8
1;2023/7/10;23:20:10
1;2023/7/10;23:20:12
1;2023/7/10;23:20:14
1;2023/7/10;23:20:16
1;2023/7/10;23:20:18
1;2023/7/10;23:20:20
0;2023/7/10;23:20:22
0;2023/7/10;23:20:24
0;2023/7/10;23:20:26
0;2023/7/10;23:20:28
0;2023/7/10;23:20:30
0;2023/7/10;23:20:33
0;2023/7/10;23:20:35
0;2023/7/10;23:20:37
0;2023/7/10;23:20:39
0;2023/7/10;23:20:41
0;2023/7/10;23:20:43
0;2023/7/10;23:20:45
0;2023/7/10;23:20:47
0;2023/7/10;23:20:49
0;2023/7/10;23:20:51
0;2023/7/10;23:20:53
0;2023/7/10;23:20:55
0;2023/7/10;23:20:58
0;2023/7/10;23:21:0
0;2023/7/10;23:21:2
0;2023/7/10;23:21:4
0;2023/7/10;23:21:6
0;2023/7/10;23:21:8
0;2023/7/10;23:21:10
0;2023/7/10;23:21:12
0;2023/7/10;23:21:14
0;2023/7/10;23:21:16
0;2023/7/10;23:21:18
0;2023/7/10;23:21:25
0;2023/7/10;23:21:25
0;2023/7/10;23:21:25
0;2023/7/10;23:21:27
0;2023/7/10;23:21:29
0;2023/7/10;23:21:31
0;2023/7/10;23:21:33
0;2023/7/10;23:21:35
0;2023/7/10;23:21:37
0;2023/7/10;23:21:39
0;2023/7/10;23:21:41
0;2023/7/10;23:21:44
0;2023/7/10;23:21:45
0;2023/7/10;23:21:48
0;2023/7/10;23:21:50
0;2023/7/10;23:21:52
0;2023/7/10;23:21:54
0;2023/7/10;23:21:56
0;2023/7/10;23:21:58
0;2023/7/10;23:22:0
0;2023/7/10;23:22:2
0;2023/7/10;23:22:4
0;2023/7/10;23:22:6
0;2023/7/10;23:22:8
0;2023/7/10;23:22:10
0;2023/7/10;23:22:13
0;2023/7/10;23:22:15
0;2023/7/10;23:22:17
0;2023/7/10;23:22:19
0;2023/7/10;23:22:21
0;2023/7/10;23:22:23
0;2023/7/10;23:22:25
0;2023/7/10;23:22:27
0;2023/7/10;23:22:29
0;2023/7/10;23:22:31
0;2023/7/10;23:22:33
0;2023/7/10;23:22:35
0;2023/7/10;23:22:38
0;2023/7/10;23:22:40
0;2023/7/10;23:22:42
0;2023/7/10;23:22:44
0;2023/7/10;23:22:46
0;2023/7/10;23:22:48
0;2023/7/10;23:22:50
0;2023/7/10;23:22:52
0;2023/7/10;23:22:54
0;2023/7/10;23:22:56
0;2023/7/10;23:22:58
0;2023/7/10;23:23:0
0;2023/7/10;23:23:3
0;2023/7/10;23:23:5
0;2023/7/10;23:23:7
0;2023/7/10;23:23:9
0;2023/7/10;23:23:11
0;2023/7/10;23:23:13
0;2023/7/10;23:23:15
0;2023/7/10;23:23:23
0;2023/7/10;23:23:23
0;2023/7/10;23:23:23
0;2023/7/10;23:23:23
0;2023/7/10;23:23:25
0;2023/7/10;23:23:28
0;2023/7/10;23:23:30
0;2023/7/10;23:23:32
0;2023/7/10;23:23:34
0;2023/7/10;23:23:36
0;2023/7/10;23:23:38
0;2023/7/10;23:23:40
0;2023/7/10;23:23:42
0;2023/7/10;23:23:44
0;2023/7/10;23:23:46
0;2023/7/10;23:23:48
0;2023/7/10;23:23:50
0;2023/7/10;23:23:53
0;2023/7/10;23:23:55
0;2023/7/10;23:23:57
0;2023/7/10;23:23:59
0;2023/7/10;23:24:1
0;2023/7/10;23:24:3
0;2023/7/10;23:24:5
0;2023/7/10;23:24:7
0;2023/7/10;23:24:9
0;2023/7/10;23:24:11
0;2023/7/10;23:24:13
0;2023/7/10;23:24:15
0;2023/7/10;23:24:17
0;2023/7/10;23:24:20
0;2023/7/10;23:24:22
0;2023/7/10;23:24:24
0;2023/7/10;23:24:26
0;2023/7/10;23:24:28
0;2023/7/10;23:24:30
0;2023/7/10;23:24:32
0;2023/7/10;23:24:34
0;2023/7/10;23:24:36
0;2023/7/10;23:24:38
0;2023/7/10;23:24:40
0;2023/7/10;23:24:43
0;2023/7/10;23:24:45
0;2023/7/10;23:24:47
0;2023/7/10;23:24:49
0;2023/7/10;23:24:51
0;2023/7/10;23:24:53
0;2023/7/10;23:24:58
0;2023/7/10;23:24:58
0;2023/7/10;23:24:59
0;2023/7/10;23:25:1
0;2023/7/10;23:25:3
0;2023/7/10;23:25:5
0;2023/7/10;23:25:8
0;2023/7/10;23:25:10
0;2023/7/10;23:25:12
0;2023/7/10;23:25:14
0;2023/7/10;23:25:16
0;2023/7/10;23:25:18
0;2023/7/10;23:25:20
0;2023/7/10;23:25:22
0;2023/7/10;23:25:24
0;2023/7/10;23:25:26
0;2023/7/10;23:25:28
0;2023/7/10;23:25:30
0;2023/7/10;23:25:33
0;2023/7/10;23:25:35
0;2023/7/10;23:25:37
0;2023/7/10;23:25:39
0;2023/7/10;23:25:41
0;2023/7/10;23:25:43
0;2023/7/10;23:25:45
0;2023/7/10;23:25:47
0;2023/7/10;23:25:49
0;2023/7/10;23:25:51
0;2023/7/10;23:25:53
0;2023/7/10;23:25:55
0;2023/7/10;23:25:57
0;2023/7/10;23:26:0
0;2023/7/10;23:26:2
0;2023/7/10;23:26:4
0;2023/7/10;23:26:6
0;2023/7/10;23:26:8
0;2023/7/10;23:26:10
0;2023/7/10;23:26:12
0;2023/7/10;23:26:18
0;2023/7/10;23:26:18
0;2023/7/10;23:26:18
0;2023/7/10;23:26:20
0;2023/7/10;23:26:22
0;2023/7/10;23:26:25
0;2023/7/10;23:26:27
0;2023/7/10;23:26:29
0;2023/7/10;23:26:31
0;2023/7/10;23:26:33
0;2023/7/10;23:26:35
0;2023/7/10;23:26:37
0;2023/7/10;23:26:39
0;2023/7/10;23:26:41
0;2023/7/10;23:26:43
0;2023/7/10;23:26:45
0;2023/7/10;23:26:47
0;2023/7/10;23:26:50
0;2023/7/10;23:26:52
0;2023/7/10;23:26:54
0;2023/7/10;23:26:56
0;2023/7/10;23:26:58
0;2023/7/10;23:27:0
0;2023/7/10;23:27:2
0;2023/7/10;23:27:4
0;2023/7/10;23:27:6
0;2023/7/10;23:27:8
0;2023/7/10;23:27:10
0;2023/7/10;23:27:12
0;2023/7/10;23:27:15
0;2023/7/10;23:27:17
0;2023/7/10;23:27:19
0;2023/7/10;23:27:21
0;2023/7/10;23:27:23
0;2023/7/10;23:27:25
0;2023/7/10;23:27:27
0;2023/7/10;23:27:29
0;2023/7/10;23:27:31
0;2023/7/10;23:27:33
0;2023/7/10;23:27:35
0;2023/7/10;23:27:37
0;2023/7/10;23:27:40
0;2023/7/10;23:27:42
0;2023/7/10;23:27:44
0;2023/7/10;23:27:46
0;2023/7/10;23:27:48
0;2023/7/10;23:27:50
0;2023/7/10;23:27:52
0;2023/7/10;23:27:54
0;2023/7/10;23:27:56
0;2023/7/10;23:27:58
0;2023/7/10;23:28:3
0;2023/7/10;23:28:3
0;2023/7/10;23:28:5
0;2023/7/10;23:28:7
0;2023/7/10;23:28:9
0;2023/7/10;23:28:11
0;2023/7/10;23:28:13
0;2023/7/10;23:28:15
0;2023/7/10;23:28:17
0;2023/7/10;23:28:19
0;2023/7/10;23:28:21
0;2023/7/10;23:28:23
0;2023/7/10;23:28:25
0;2023/7/10;23:28:27
0;2023/7/10;23:28:30
0;2023/7/10;23:28:32
0;2023/7/10;23:28:34
0;2023/7/10;23:28:36
0;2023/7/10;23:28:38
0;2023/7/10;23:28:40
0;2023/7/10;23:28:42
0;2023/7/10;23:28:44
0;2023/7/10;23:28:46
0;2023/7/10;23:28:48
0;2023/7/10;23:28:50
0;2023/7/10;23:28:52
0;2023/7/10;23:28:55
0;2023/7/10;23:28:57
0;2023/7/10;23:28:59
0;2023/7/10;23:29:1
0;2023/7/10;23:29:3
0;2023/7/10;23:29:5
0;2023/7/10;23:29:7
0;2023/7/10;23:29:9
0;2023/7/10;23:29:11
0;2023/7/10;23:29:13
0;2023/7/10;23:29:21
0;2023/7/10;23:29:21
0;2023/7/10;23:29:21
0;2023/7/10;23:29:22
0;2023/7/10;23:29:24
0;2023/7/10;23:29:26
0;2023/7/11;5:53:0
0;2023/7/11;5:53:1
0;2023/7/11;5:53:3
0;2023/7/11;5:53:5
0;2023/7/11;5:53:7
0;2023/7/11;5:53:9
0;2023/7/11;5:53:11
0;2023/7/11;5:53:13
0;2023/7/11;5:53:15
0;2023/7/11;5:53:17
0;2023/7/11;5:53:19
0;2023/7/11;5:53:21
0;2023/7/11;5:53:24
0;2023/7/11;5:53:26
0;2023/7/11;5:53:28
0;2023/7/11;5:53:30
0;2023/7/11;5:53:32
0;2023/7/11;5:53:34
0;2023/7/11;5:53:36
0;2023/7/11;5:53:38
0;2023/7/11;5:53:40
0;2023/7/11;5:53:42
0;2023/7/11;5:53:44
0;2023/7/11;5:53:47
0;2023/7/11;5:53:49
0;2023/7/11;5:53:51
0;2023/7/11;5:53:53
0;2023/7/11;5:53:55
0;2023/7/11;5:53:57
0;2023/7/11;5:53:59
0;2023/7/11;5:54:1
0;2023/7/11;5:54:3
0;2023/7/11;5:54:5
0;2023/7/11;5:54:7
0;2023/7/11;5:54:9
0;2023/7/11;5:54:11
0;2023/7/11;5:54:13
0;2023/7/11;5:54:16
0;2023/7/11;5:54:18
0;2023/7/11;5:54:25
0;2023/7/11;5:54:25
0;2023/7/11;5:54:25
0;2023/7/11;5:54:26
0;2023/7/11;5:54:28
0;2023/7/11;5:54:30
0;2023/7/11;5:54:32
0;2023/7/11;5:54:34
0;2023/7/11;5:54:36
0;2023/7/11;5:54:38
0;2023/7/11;5:54:41
0;2023/7/11;5:54:43
0;2023/7/11;5:54:45
0;2023/7/11;5:54:47
0;2023/7/11;5:54:49
0;2023/7/11;5:54:51
0;2023/7/11;5:54:53
0;2023/7/11;5:54:55
0;2023/7/11;5:54:57
0;2023/7/11;5:54:59
0;2023/7/11;5:55:1
0;2023/7/11;5:55:3
0;2023/7/11;5:55:6
0;2023/7/11;5:55:8
0;2023/7/11;5:55:10
0;2023/7/11;5:55:12
0;2023/7/11;5:55:14
0;2023/7/11;5:55:16
0;2023/7/11;5:55:18
0;2023/7/11;5:55:20
0;2023/7/11;5:55:22
0;2023/7/11;5:55:24
0;2023/7/11;5:55:26
0;2023/7/11;5:55:28
0;2023/7/11;5:55:31
0;2023/7/11;5:55:33
0;2023/7/11;5:55:35
0;2023/7/11;5:55:37
0;2023/7/11;5:55:39
0;2023/7/11;5:55:41
0;2023/7/11;5:55:43
0;2023/7/11;5:55:45
0;2023/7/11;5:55:47
0;2023/7/11;5:55:49
0;2023/7/11;5:55:51
0;2023/7/11;5:55:53
0;2023/7/11;5:55:55
0;2023/7/11;5:55:58
0;2023/7/11;5:56:0
0;2023/7/11;5:56:2
0;2023/7/11;5:56:4
0;2023/7/11;5:56:6
0;2023/7/11;5:56:8
0;2023/7/11;5:56:10
0;2023/7/11;5:56:12
0;2023/7/11;5:56:14
0;2023/7/11;5:56:16
0;2023/7/11;5:56:18
0;2023/7/11;5:56:20
0;2023/7/11;5:56:23
0;2023/7/11;5:56:25
0;2023/7/11;5:56:27
0;2023/7/11;5:56:29
0;2023/7/11;5:56:31
0;2023/7/11;5:56:33
0;2023/7/11;5:56:35
0;2023/7/11;5:56:37
0;2023/7/11;5:56:39
0;2023/7/11;5:56:41
0;2023/7/11;5:56:43
0;2023/7/11;5:56:45
0;2023/7/11;5:56:48
0;2023/7/11;5:56:50
0;2023/7/11;5:56:52
0;2023/7/11;5:56:54
0;2023/7/11;5:56:56
0;2023/7/11;5:56:58
0;2023/7/11;5:57:0
0;2023/7/11;5:57:2
0;2023/7/11;5:57:4
0;2023/7/11;5:57:6
0;2023/7/11;5:57:8
0;2023/7/11;5:57:10
0;2023/7/11;5:57:13
0;2023/7/11;5:57:15
0;2023/7/11;5:57:17
0;2023/7/11;5:57:19
0;2023/7/11;5:57:21
0;2023/7/11;5:57:23
0;2023/7/11;5:57:25
0;2023/7/11;5:57:27
0;2023/7/11;5:57:29
0;2023/7/11;5:57:31
0;2023/7/11;5:57:33
0;2023/7/11;5:57:35
0;2023/7/11;5:57:38
0;2023/7/11;5:57:40
0;2023/7/11;5:57:42
0;2023/7/11;5:57:44
0;2023/7/11;5:57:46
0;2023/7/11;5:57:48
0;2023/7/11;5:57:50
0;2023/7/11;5:57:52
0;2023/7/11;5:57:54
0;2023/7/11;5:57:56
0;2023/7/11;5:57:58
0;2023/7/11;5:58:1
0;2023/7/11;5:58:3
0;2023/7/11;5:58:5
0;2023/7/11;5:58:7
0;2023/7/11;5:58:9
0;2023/7/11;5:58:11
0;2023/7/11;5:58:13
0;2023/7/11;5:58:15
0;2023/7/11;5:58:17
0;2023/7/11;5:58:19
0;2023/7/11;5:58:21
0;2023/7/11;5:58:23
0;2023/7/11;5:58:26
0;2023/7/11;5:58:28
0;2023/7/11;5:58:30
0;2023/7/11;5:58:32
0;2023/7/11;5:58:34
0;2023/7/11;5:58:36
0;2023/7/11;5:58:38
0;2023/7/11;5:58:40
0;2023/7/11;5:58:42
0;2023/7/11;5:58:44
0;2023/7/11;5:58:46
0;2023/7/11;5:58:48
0;2023/7/11;5:58:51
0;2023/7/11;5:58:53
0;2023/7/11;5:58:55
0;2023/7/11;5:58:57
0;2023/7/11;5:58:59
0;2023/7/11;5:59:1
0;2023/7/11;5:59:3
0;2023/7/11;5:59:5
0;2023/7/11;5:59:7
0;2023/7/11;5:59:9
0;2023/7/11;5:59:11
0;2023/7/11;5:59:13
0;2023/7/11;5:59:16
0;2023/7/11;5:59:18
0;2023/7/11;5:59:20
0;2023/7/11;5:59:22
0;2023/7/11;5:59:24
0;2023/7/11;5:59:26
0;2023/7/11;5:59:28
0;2023/7/11;5:59:30
0;2023/7/11;5:59:32
0;2023/7/11;5:59:34
0;2023/7/11;5:59:36
0;2023/7/11;5:59:38
0;2023/7/11;5:59:41
0;2023/7/11;5:59:43
0;2023/7/11;5:59:45
0;2023/7/11;5:59:47
0;2023/7/11;5:59:49
0;2023/7/11;5:59:51
0;2023/7/11;5:59:53
0;2023/7/11;5:59:55
0;2023/7/11;5:59:57
0;2023/7/11;5:59:59
0;2023/7/11;6:0:1
0;2023/7/11;6:0:4
0;2023/7/11;6:0:6
0;2023/7/11;6:0:8
0;2023/7/11;6:0:10
0;2023/7/11;6:0:12
0;2023/7/11;6:0:14
0;2023/7/11;6:0:16
0;2023/7/11;6:0:18
0;2023/7/11;6:0:20
0;2023/7/11;6:0:22
0;2023/7/11;6:0:24
0;2023/7/11;6:0:26
0;2023/7/11;6:0:29
0;2023/7/11;6:0:31
0;2023/7/11;6:0:33
0;2023/7/11;6:0:35
0;2023/7/11;6:0:40
0;2023/7/11;6:0:40
0;2023/7/11;6:0:41
0;2023/7/11;6:0:43
0;2023/7/11;6:0:45
0;2023/7/11;6:0:47
0;2023/7/11;6:0:49
0;2023/7/11;6:0:51
0;2023/7/11;6:0:54
0;2023/7/11;6:0:56
0;2023/7/11;6:0:58
0;2023/7/11;6:1:0
0;2023/7/11;6:1:2
0;2023/7/11;6:1:4
0;2023/7/11;6:1:6
0;2023/7/11;6:1:8
0;2023/7/11;6:1:10
0;2023/7/11;6:1:12
0;2023/7/11;6:1:14
0;2023/7/11;6:1:17
0;2023/7/11;6:1:19
0;2023/7/11;6:1:21
0;2023/7/11;6:1:23
0;2023/7/11;6:1:25
0;2023/7/11;6:1:27
0;2023/7/11;6:1:29
0;2023/7/11;6:1:31
0;2023/7/11;6:1:33
0;2023/7/11;6:1:35
0;2023/7/11;6:1:37
0;2023/7/11;6:1:40
0;2023/7/11;6:1:42
0;2023/7/11;6:1:44
0;2023/7/11;6:1:46
0;2023/7/11;6:1:48
0;2023/7/11;6:1:50
0;2023/7/11;6:1:52
0;2023/7/11;6:1:54
0;2023/7/11;6:1:56
0;2023/7/11;6:1:58
0;2023/7/11;6:2:0
0;2023/7/11;6:2:2
0;2023/7/11;6:2:5
0;2023/7/11;6:2:7
0;2023/7/11;6:2:9
0;2023/7/11;6:2:11
0;2023/7/11;6:2:13
0;2023/7/11;6:2:19
0;2023/7/11;6:2:19
0;2023/7/11;6:2:19
0;2023/7/11;6:2:21
0;2023/7/11;6:2:23
0;2023/7/11;6:2:25
0;2023/7/11;6:2:27
0;2023/7/11;6:2:29
0;2023/7/11;6:2:32
0;2023/7/11;6:2:34
0;2023/7/11;6:2:36
0;2023/7/11;6:2:38
0;2023/7/11;6:2:40
0;2023/7/11;6:2:42
0;2023/7/11;6:2:44
0;2023/7/11;6:2:46
0;2023/7/11;6:2:48
0;2023/7/11;6:2:50
0;2023/7/11;6:2:52
0;2023/7/11;6:2:55
0;2023/7/11;6:2:57
0;2023/7/11;6:2:59
0;2023/7/11;6:3:1
0;2023/7/11;6:3:3
0;2023/7/11;6:3:5
0;2023/7/11;6:3:7
0;2023/7/11;6:3:9
0;2023/7/11;6:3:11
0;2023/7/11;6:3:13
0;2023/7/11;6:3:15
0;2023/7/11;6:3:17
0;2023/7/11;6:3:20
0;2023/7/11;6:3:22
0;2023/7/11;6:3:24
0;2023/7/11;6:3:26
0;2023/7/11;6:3:28
0;2023/7/11;6:3:30
0;2023/7/11;6:3:32
0;2023/7/11;6:3:34
0;2023/7/11;6:3:36
0;2023/7/11;6:3:38
0;2023/7/11;6:3:46
0;2023/7/11;6:3:46
0;2023/7/11;6:3:46
0;2023/7/11;6:3:47
0;2023/7/11;6:3:49
0;2023/7/11;6:3:51
0;2023/7/11;6:3:53
0;2023/7/11;6:3:55
0;2023/7/11;6:3:57
0;2023/7/11;6:3:59
0;2023/7/11;6:4:1
0;2023/7/11;6:4:3
0;2023/7/11;6:4:5
0;2023/7/11;6:4:7
0;2023/7/11;6:4:10
0;2023/7/11;6:4:12
0;2023/7/11;6:4:14
0;2023/7/11;6:4:16
0;2023/7/11;6:4:18
0;2023/7/11;6:4:20
0;2023/7/11;6:4:22
0;2023/7/11;6:4:24
0;2023/7/11;6:4:26
0;2023/7/11;6:4:28
0;2023/7/11;6:4:30
0;2023/7/11;6:4:33
0;2023/7/11;6:4:35
0;2023/7/11;6:4:37
0;2023/7/11;6:4:39
0;2023/7/11;6:4:41
0;2023/7/11;6:4:43
0;2023/7/11;6:4:45
0;2023/7/11;6:4:47
0;2023/7/11;6:4:49
0;2023/7/11;6:4:51
0;2023/7/11;6:4:53
0;2023/7/11;6:4:55
0;2023/7/11;6:4:58
0;2023/7/11;6:5:0
0;2023/7/11;6:5:2
0;2023/7/11;6:5:4
0;2023/7/11;6:5:6
0;2023/7/11;6:5:8
0;2023/7/11;6:5:10
0;2023/7/11;6:5:12
0;2023/7/11;6:5:14
0;2023/7/11;6:5:16
0;2023/7/11;6:5:18
0;2023/7/11;6:5:21
0;2023/7/11;6:5:23
0;2023/7/11;6:5:25
0;2023/7/11;6:5:27
0;2023/7/11;6:5:29
0;2023/7/11;6:5:31
0;2023/7/11;6:5:38
0;2023/7/11;6:5:38
0;2023/7/11;6:5:38
0;2023/7/11;6:5:39
0;2023/7/11;6:5:41
0;2023/7/11;6:5:43
0;2023/7/11;6:5:45
0;2023/7/11;6:5:48
0;2023/7/11;6:5:50
0;2023/7/11;6:5:52
0;2023/7/11;6:5:54
0;2023/7/11;6:5:56
0;2023/7/11;6:5:58
0;2023/7/11;6:6:0
0;2023/7/11;6:6:2
0;2023/7/11;6:6:4
0;2023/7/11;6:6:6
0;2023/7/11;6:6:8
0;2023/7/11;6:6:11
0;2023/7/11;6:6:13
0;2023/7/11;6:6:15
0;2023/7/11;6:6:17
0;2023/7/11;6:6:19
0;2023/7/11;6:6:21
0;2023/7/11;6:6:23
0;2023/7/11;6:6:25
0;2023/7/11;6:6:27
0;2023/7/11;6:6:29
0;2023/7/11;6:6:31
0;2023/7/11;6:6:33
0;2023/7/11;6:6:36
0;2023/7/11;6:6:38
0;2023/7/11;6:6:40
0;2023/7/11;6:6:42
0;2023/7/11;6:6:44
0;2023/7/11;6:6:46
0;2023/7/11;6:6:48
0;2023/7/11;6:6:50
0;2023/7/11;6:6:52
0;2023/7/11;6:6:54
0;2023/7/11;6:6:56
0;2023/7/11;6:6:59
0;2023/7/11;6:7:1
0;2023/7/11;6:7:3
0;2023/7/11;6:7:6
0;2023/7/11;6:7:7
0;2023/7/11;6:7:9
0;2023/7/11;6:7:11
0;2023/7/11;6:7:13
0;2023/7/11;6:7:15
0;2023/7/11;6:7:17
0;2023/7/11;6:7:19
0;2023/7/11;6:7:21
0;2023/7/11;6:7:29
0;2023/7/11;6:7:29
0;2023/7/11;6:7:29
0;2023/7/11;6:7:30
0;2023/7/11;6:7:32
0;2023/7/11;6:7:34
0;2023/7/11;6:7:36
0;2023/7/11;6:7:38
0;2023/7/11;6:7:40
0;2023/7/11;6:7:42
0;2023/7/11;6:7:44
0;2023/7/11;6:7:46
0;2023/7/11;6:7:49
0;2023/7/11;6:7:51
0;2023/7/11;6:7:53
0;2023/7/11;6:7:55
0;2023/7/11;6:7:57
0;2023/7/11;6:7:59
0;2023/7/11;6:8:1
0;2023/7/11;6:8:3
0;2023/7/11;6:8:5
0;2023/7/11;6:8:7
0;2023/7/11;6:8:9
0;2023/7/11;6:8:11
0;2023/7/11;6:8:14
0;2023/7/11;6:8:16
0;2023/7/11;6:8:18
0;2023/7/11;6:8:20
0;2023/7/11;6:8:22
0;2023/7/11;6:8:24
0;2023/7/11;6:8:26
0;2023/7/11;6:8:28
0;2023/7/11;6:8:30
0;2023/7/11;6:8:32
0;2023/7/11;6:8:34
0;2023/7/11;6:8:36
0;2023/7/11;6:8:39
0;2023/7/11;6:8:41
0;2023/7/11;6:8:43
0;2023/7/11;6:8:45
0;2023/7/11;6:8:50
0;2023/7/11;6:8:50
0;2023/7/11;6:8:51
0;2023/7/11;6:8:53
0;2023/7/11;6:8:55
0;2023/7/11;6:8:57
0;2023/7/11;6:8:59
0;2023/7/11;6:9:1
0;2023/7/11;6:9:4
0;2023/7/11;6:9:6
0;2023/7/11;6:9:8
0;2023/7/11;6:9:10
0;2023/7/11;6:9:12
0;2023/7/11;6:9:14
0;2023/7/11;6:9:16
0;2023/7/11;6:9:18
0;2023/7/11;6:9:20
0;2023/7/11;6:9:22
0;2023/7/11;6:9:24
0;2023/7/11;6:9:27
0;2023/7/11;6:9:29
0;2023/7/11;6:9:31
0;2023/7/11;6:9:33
0;2023/7/11;6:9:35
0;2023/7/11;6:9:37
0;2023/7/11;6:9:39
0;2023/7/11;6:9:41
0;2023/7/11;6:9:43
0;2023/7/11;6:9:45
0;2023/7/11;6:9:47
0;2023/7/11;6:9:49
0;2023/7/11;6:9:52
0;2023/7/11;6:9:54
0;2023/7/11;6:9:56
0;2023/7/11;6:9:58
0;2023/7/11;6:10:0
0;2023/7/11;6:10:2
0;2023/7/11;6:10:4
0;2023/7/11;6:10:6
0;2023/7/11;6:10:8
0;2023/7/11;6:10:10
0;2023/7/11;6:10:12
0;2023/7/11;6:10:20
0;2023/7/11;6:10:20
0;2023/7/11;6:10:20
0;2023/7/11;6:10:21
0;2023/7/11;6:10:23
0;2023/7/11;6:10:25
0;2023/7/11;6:10:27
0;2023/7/11;6:10:29
0;2023/7/11;6:10:31
0;2023/7/11;6:10:33
0;2023/7/11;6:10:35
0;2023/7/11;6:10:37
0;2023/7/11;6:10:39
0;2023/7/11;6:10:42
0;2023/7/11;6:10:44
0;2023/7/11;6:10:46
0;2023/7/11;6:10:48
0;2023/7/11;6:10:50
0;2023/7/11;6:10:52
0;2023/7/11;6:10:54
0;2023/7/11;6:10:56
0;2023/7/11;6:10:58
0;2023/7/11;6:11:0
0;2023/7/11;6:11:2
0;2023/7/11;6:11:4
0;2023/7/11;6:11:7
0;2023/7/11;6:11:9
0;2023/7/11;6:11:11
0;2023/7/11;6:11:13
0;2023/7/11;6:11:15
0;2023/7/11;6:11:17
0;2023/7/11;6:11:19
0;2023/7/11;6:11:21
0;2023/7/11;6:11:23
0;2023/7/11;6:11:25
0;2023/7/11;6:11:27
0;2023/7/11;6:11:30
0;2023/7/11;6:11:32
0;2023/7/11;6:11:34
0;2023/7/11;6:11:36
0;2023/7/11;6:11:38
0;2023/7/11;6:11:40
0;2023/7/11;6:11:42
0;2023/7/11;6:11:44
0;2023/7/11;6:11:46
0;2023/7/11;6:11:48
0;2023/7/11;6:11:50
0;2023/7/11;6:11:52
0;2023/7/11;6:11:55
0;2023/7/11;6:11:57
0;2023/7/11;6:11:59
0;2023/7/11;6:12:1
0;2023/7/11;6:12:3
0;2023/7/11;6:12:5
0;2023/7/11;6:12:7
0;2023/7/11;6:12:9
0;2023/7/11;6:12:11
0;2023/7/11;6:12:13
0;2023/7/11;6:12:15
0;2023/7/11;6:12:18
0;2023/7/11;6:12:20
0;2023/7/11;6:12:22
0;2023/7/11;6:12:24
0;2023/7/11;6:12:26
0;2023/7/11;6:12:28
0;2023/7/11;6:12:30
0;2023/7/11;6:12:32
0;2023/7/11;6:12:34
0;2023/7/11;6:12:36
0;2023/7/11;6:12:38
0;2023/7/11;6:12:40
0;2023/7/11;6:12:43
0;2023/7/11;6:12:45
0;2023/7/11;6:12:47
0;2023/7/11;6:12:52
0;2023/7/11;6:12:52
0;2023/7/11;6:12:53
0;2023/7/11;6:12:55
0;2023/7/11;6:12:57
0;2023/7/11;6:12:59
0;2023/7/11;6:13:1
0;2023/7/11;6:13:3
0;2023/7/11;6:13:5
0;2023/7/11;6:13:8
0;2023/7/11;6:13:10
0;2023/7/11;6:13:12
0;2023/7/11;6:13:14
0;2023/7/11;6:13:16
0;2023/7/11;6:13:18
0;2023/7/11;6:13:20
0;2023/7/11;6:13:22
0;2023/7/11;6:13:24
0;2023/7/11;6:13:26
0;2023/7/11;6:13:28
0;2023/7/11;6:13:30
0;2023/7/11;6:13:33
0;2023/7/11;6:13:35
0;2023/7/11;6:13:37
0;2023/7/11;6:13:39
0;2023/7/11;6:13:41
0;2023/7/11;6:13:43
0;2023/7/11;6:13:45
0;2023/7/11;6:13:47
0;2023/7/11;6:13:49
0;2023/7/11;6:13:51
0;2023/7/11;6:13:53
0;2023/7/11;6:13:55
0;2023/7/11;6:13:58
0;2023/7/11;6:14:0
0;2023/7/11;6:14:2
0;2023/7/11;6:14:4
0;2023/7/11;6:14:6
0;2023/7/11;6:14:8
0;2023/7/11;6:14:10
0;2023/7/11;6:14:12
0;2023/7/11;6:14:14
0;2023/7/11;6:14:16
0;2023/7/11;6:14:18
0;2023/7/11;6:14:21
0;2023/7/11;6:14:23
0;2023/7/11;6:14:25
0;2023/7/11;6:14:27
0;2023/7/11;6:14:29
0;2023/7/11;6:14:31
0;2023/7/11;6:14:33
0;2023/7/11;6:14:35
0;2023/7/11;6:14:37
0;2023/7/11;6:14:39
0;2023/7/11;6:14:41
0;2023/7/11;6:14:43
0;2023/7/11;6:14:46
0;2023/7/11;6:14:48
0;2023/7/11;6:14:50
0;2023/7/11;6:14:52
0;2023/7/11;6:14:54
0;2023/7/11;6:14:56
0;2023/7/11;6:14:58
0;2023/7/11;6:15:0
0;2023/7/11;6:15:2
0;2023/7/11;6:15:4
0;2023/7/11;6:15:6
0;2023/7/11;6:15:8
0;2023/7/11;6:15:11
0;2023/7/11;6:15:13
0;2023/7/11;6:15:15
0;2023/7/11;6:15:17
0;2023/7/11;6:15:19
0;2023/7/11;6:15:21
0;2023/7/11;6:15:23
0;2023/7/11;6:15:25
0;2023/7/11;6:15:27
0;2023/7/11;6:15:29
0;2023/7/11;6:15:31
0;2023/7/11;6:15:33
0;2023/7/11;6:15:36
0;2023/7/11;6:15:38
0;2023/7/11;6:15:40
0;2023/7/11;6:15:42
0;2023/7/11;6:15:44
0;2023/7/11;6:15:46
0;2023/7/11;6:15:48
0;2023/7/11;6:15:51
0;2023/7/11;6:15:52
0;2023/7/11;6:15:54
0;2023/7/11;6:15:56
0;2023/7/11;6:15:59
0;2023/7/11;6:16:1
0;2023/7/11;6:16:3
0;2023/7/11;6:16:5
0;2023/7/11;6:16:7
0;2023/7/11;6:16:9
0;2023/7/11;6:16:11
0;2023/7/11;6:16:13
0;2023/7/11;6:16:15
0;2023/7/11;6:16:17
0;2023/7/11;6:16:19
0;2023/7/11;6:16:21
0;2023/7/11;6:16:24
0;2023/7/11;6:16:26
0;2023/7/11;6:16:28
0;2023/7/11;6:16:30
0;2023/7/11;6:16:32
0;2023/7/11;6:16:34
0;2023/7/11;6:16:36
0;2023/7/11;6:16:38
0;2023/7/11;6:16:40
0;2023/7/11;6:16:42
0;2023/7/11;6:16:44
0;2023/7/11;6:16:46
0;2023/7/11;6:16:49
0;2023/7/11;6:16:51
0;2023/7/11;6:16:53
0;2023/7/11;6:16:55
0;2023/7/11;6:16:57
0;2023/7/11;6:16:59
0;2023/7/11;6:17:1
0;2023/7/11;6:17:3
0;2023/7/11;6:17:5
0;2023/7/11;6:17:7
0;2023/7/11;6:17:9
0;2023/7/11;6:17:11
0;2023/7/11;6:17:14
0;2023/7/11;6:17:16
0;2023/7/11;6:17:18
0;2023/7/11;6:17:20
0;2023/7/11;6:17:22
0;2023/7/11;6:17:24
0;2023/7/11;6:17:26
0;2023/7/11;6:17:28
0;2023/7/11;6:17:30
0;2023/7/11;6:17:32
0;2023/7/11;6:17:34
0;2023/7/11;6:17:37
0;2023/7/11;6:17:39
0;2023/7/11;6:17:41
0;2023/7/11;6:17:43
0;2023/7/11;6:17:45
0;2023/7/11;6:17:47
0;2023/7/11;6:17:49
0;2023/7/11;6:17:51
0;2023/7/11;6:17:53
0;2023/7/11;6:17:55
0;2023/7/11;6:17:57
0;2023/7/11;6:17:59
0;2023/7/11;6:18:2
0;2023/7/11;6:18:4
0;2023/7/11;6:18:6
0;2023/7/11;6:18:8
0;2023/7/11;6:18:10
0;2023/7/11;6:18:12
0;2023/7/11;6:18:14
0;2023/7/11;6:18:16
0;2023/7/11;6:18:18
0;2023/7/11;6:18:20
0;2023/7/11;6:18:22
0;2023/7/11;6:18:24
0;2023/7/11;6:18:27
0;2023/7/11;6:18:29
0;2023/7/11;6:18:31
0;2023/7/11;6:18:33
0;2023/7/11;6:18:35
0;2023/7/11;6:18:37
0;2023/7/11;6:18:39
0;2023/7/11;6:18:41
0;2023/7/11;6:18:43
0;2023/7/11;6:18:45
0;2023/7/11;6:18:47
0;2023/7/11;6:18:49
0;2023/7/11;6:18:52
0;2023/7/11;6:18:54
0;2023/7/11;6:18:56
0;2023/7/11;6:18:58
0;2023/7/11;6:19:0
0;2023/7/11;6:19:2
0;2023/7/11;6:19:4
0;2023/7/11;6:19:6
0;2023/7/11;6:19:8
0;2023/7/11;6:19:10
0;2023/7/11;6:19:12
0;2023/7/11;6:19:15
0;2023/7/11;6:19:17
0;2023/7/11;6:19:19
0;2023/7/11;6:19:21
0;2023/7/11;6:19:23
0;2023/7/11;6:19:25
0;2023/7/11;6:19:27
0;2023/7/11;6:19:29
0;2023/7/11;6:19:31
0;2023/7/11;6:19:33
0;2023/7/11;6:19:35
0;2023/7/11;6:19:37
0;2023/7/11;6:19:40
0;2023/7/11;6:19:42
0;2023/7/11;6:19:44
0;2023/7/11;6:19:46
0;2023/7/11;6:19:48
0;2023/7/11;6:19:50
0;2023/7/11;6:19:52
0;2023/7/11;6:19:54
0;2023/7/11;6:19:56
0;2023/7/11;6:19:58
0;2023/7/11;6:20:0
0;2023/7/11;6:20:2
0;2023/7/11;6:20:5
0;2023/7/11;6:20:7
0;2023/7/11;6:20:9
0;2023/7/11;6:20:11
0;2023/7/11;6:20:13
0;2023/7/11;6:20:15
0;2023/7/11;6:20:17
0;2023/7/11;6:20:19
0;2023/7/11;6:20:21
0;2023/7/11;6:20:27
0;2023/7/11;6:20:27
0;2023/7/11;6:20:28
0;2023/7/11;6:20:30
0;2023/7/11;6:20:32
0;2023/7/11;6:20:34
0;2023/7/11;6:20:36
0;2023/7/11;6:20:38
0;2023/7/11;6:20:40
0;2023/7/11;6:20:42
0;2023/7/11;6:20:44
0;2023/7/11;6:20:46
0;2023/7/11;6:20:48
0;2023/7/11;6:20:50
0;2023/7/11;6:20:53
0;2023/7/11;6:20:55
0;2023/7/11;6:20:57
0;2023/7/11;6:20:59
0;2023/7/11;6:21:1
0;2023/7/11;6:21:3
0;2023/7/11;6:21:5
0;2023/7/11;6:21:7
0;2023/7/11;6:21:9
0;2023/7/11;6:21:11
0;2023/7/11;6:21:13
0;2023/7/11;6:21:15
0;2023/7/11;6:21:18
0;2023/7/11;6:21:20
0;2023/7/11;6:21:22
0;2023/7/11;6:21:24
0;2023/7/11;6:21:26
0;2023/7/11;6:21:28
0;2023/7/11;6:21:30
0;2023/7/11;6:21:32
0;2023/7/11;6:21:41
0;2023/7/11;6:21:41
0;2023/7/11;6:21:41
0;2023/7/11;6:21:41
0;2023/7/11;6:21:43
0;2023/7/11;6:21:45
0;2023/7/11;6:21:47
0;2023/7/11;6:21:49
0;2023/7/11;6:21:51
0;2023/7/11;6:21:53
0;2023/7/11;6:21:55
0;2023/7/11;6:21:57
0;2023/7/11;6:21:59
0;2023/7/11;6:22:1
0;2023/7/11;6:22:3
0;2023/7/11;6:22:5
0;2023/7/11;6:22:8
0;2023/7/11;6:22:10
0;2023/7/11;6:22:12
0;2023/7/11;6:22:14
0;2023/7/11;6:22:16
0;2023/7/11;6:22:18
0;2023/7/11;6:22:20
0;2023/7/11;6:22:22
0;2023/7/11;6:22:24
0;2023/7/11;6:22:26
0;2023/7/11;6:22:28
0;2023/7/11;6:22:31
0;2023/7/11;6:22:33
0;2023/7/11;6:22:35
0;2023/7/11;6:22:37
0;2023/7/11;6:22:39
0;2023/7/11;6:22:41
0;2023/7/11;6:22:43
0;2023/7/11;6:22:45
0;2023/7/11;6:22:47
0;2023/7/11;6:22:49
0;2023/7/11;6:22:51
0;2023/7/11;6:22:53
0;2023/7/11;6:22:56
0;2023/7/11;6:22:58
0;2023/7/11;6:23:0
0;2023/7/11;6:23:2
0;2023/7/11;6:23:4
0;2023/7/11;6:23:6
0;2023/7/11;6:23:8
0;2023/7/11;6:23:10
0;2023/7/11;6:23:17
0;2023/7/11;6:23:17
0;2023/7/11;6:23:17
0;2023/7/11;6:23:18
0;2023/7/11;6:23:21
0;2023/7/11;6:23:23
0;2023/7/11;6:23:25
0;2023/7/11;6:23:27
0;2023/7/11;6:23:29
0;2023/7/11;6:23:31
0;2023/7/11;6:23:33
0;2023/7/11;6:23:35
0;2023/7/11;6:23:37
0;2023/7/11;6:23:39
0;2023/7/11;6:23:41
0;2023/7/11;6:23:43
0;2023/7/11;6:23:46
0;2023/7/11;6:23:48
0;2023/7/11;6:23:50
0;2023/7/11;6:23:52
0;2023/7/11;6:23:54
0;2023/7/11;6:23:56
0;2023/7/11;6:23:58
0;2023/7/11;6:24:0
0;2023/7/11;6:24:2
0;2023/7/11;6:24:4
0;2023/7/11;6:24:6
0;2023/7/11;6:24:9
0;2023/7/11;6:24:11
0;2023/7/11;6:24:13
0;2023/7/11;6:24:15
0;2023/7/11;6:24:17
0;2023/7/11;6:24:19
0;2023/7/11;6:24:21
0;2023/7/11;6:24:23
0;2023/7/11;6:24:25
0;2023/7/11;6:24:27
0;2023/7/11;6:24:29
0;2023/7/11;6:24:31
0;2023/7/11;6:24:34
0;2023/7/11;6:24:41
0;2023/7/11;6:24:41
0;2023/7/11;6:24:41
0;2023/7/11;6:24:42
0;2023/7/11;6:24:44
0;2023/7/11;6:24:46
0;2023/7/11;6:24:48
0;2023/7/11;6:24:50
0;2023/7/11;6:24:52
0;2023/7/11;6:24:54
0;2023/7/11;6:24:56
0;2023/7/11;6:24:59
0;2023/7/11;6:25:1
0;2023/7/11;6:25:3
0;2023/7/11;6:25:5
0;2023/7/11;6:25:7
0;2023/7/11;6:25:9
0;2023/7/11;6:25:11
0;2023/7/11;6:25:13
0;2023/7/11;6:25:15
0;2023/7/11;6:25:17
0;2023/7/11;6:25:19
0;2023/7/11;6:25:22
0;2023/7/11;6:25:24
0;2023/7/11;6:25:26
0;2023/7/11;6:25:28
0;2023/7/11;6:25:30
0;2023/7/11;6:25:32
0;2023/7/11;6:25:34
0;2023/7/11;6:25:36
0;2023/7/11;6:25:38
0;2023/7/11;6:25:40
0;2023/7/11;6:25:42
0;2023/7/11;6:25:44
0;2023/7/11;6:25:47
0;2023/7/11;6:25:49
0;2023/7/11;6:25:51
0;2023/7/11;6:25:53
0;2023/7/11;6:25:55
0;2023/7/11;6:25:57
0;2023/7/11;6:25:59
0;2023/7/11;6:26:1
0;2023/7/11;6:26:3
0;2023/7/11;6:26:5
0;2023/7/11;6:26:7
0;2023/7/11;6:26:9
0;2023/7/11;6:26:12
0;2023/7/11;6:26:14
0;2023/7/11;6:26:16
0;2023/7/11;6:26:18
0;2023/7/11;6:26:20
0;2023/7/11;6:26:22
0;2023/7/11;6:26:24
0;2023/7/11;6:26:31
0;2023/7/11;6:26:31
0;2023/7/11;6:26:31
0;2023/7/11;6:26:32
0;2023/7/11;6:26:34
0;2023/7/11;6:26:37
0;2023/7/11;6:26:39
0;2023/7/11;6:26:41
0;2023/7/11;6:26:43
0;2023/7/11;6:26:45
0;2023/7/11;6:26:47
0;2023/7/11;6:26:49
0;2023/7/11;6:26:51
0;2023/7/11;6:26:53
0;2023/7/11;6:26:55
0;2023/7/11;6:26:57
0;2023/7/11;6:27:0
0;2023/7/11;6:27:2
0;2023/7/11;6:27:4
0;2023/7/11;6:27:6
0;2023/7/11;6:27:8
0;2023/7/11;6:27:10
0;2023/7/11;6:27:12
0;2023/7/11;6:27:14
0;2023/7/11;6:27:16
0;2023/7/11;6:27:18
0;2023/7/11;6:27:20
0;2023/7/11;6:27:22
0;2023/7/11;6:27:25
0;2023/7/11;6:27:27
0;2023/7/11;6:27:29
0;2023/7/11;6:27:31
0;2023/7/11;6:27:33
0;2023/7/11;6:27:35
0;2023/7/11;6:27:37
0;2023/7/11;6:27:39
0;2023/7/11;6:27:41
0;2023/7/11;6:27:43
0;2023/7/11;6:27:45
0;2023/7/11;6:27:47
0;2023/7/11;6:27:50
0;2023/7/11;6:27:52
0;2023/7/11;6:27:54
0;2023/7/11;6:27:56
0;2023/7/11;6:27:58
0;2023/7/11;6:28:0
0;2023/7/11;6:28:2
0;2023/7/11;6:28:4
0;2023/7/11;6:28:6
0;2023/7/11;6:28:8
0;2023/7/11;6:28:10
0;2023/7/11;6:28:12
0;2023/7/11;6:28:15
0;2023/7/11;6:28:17
0;2023/7/11;6:28:19
0;2023/7/11;6:28:21
0;2023/7/11;6:28:23
0;2023/7/11;6:28:25
0;2023/7/11;6:28:27
0;2023/7/11;6:28:29
0;2023/7/11;6:28:31
0;2023/7/11;6:28:33
0;2023/7/11;6:28:35
0;2023/7/11;6:28:38
0;2023/7/11;6:28:40
0;2023/7/11;6:28:42
0;2023/7/11;6:28:44
0;2023/7/11;6:28:46
0;2023/7/11;6:28:48
0;2023/7/11;6:28:50
0;2023/7/11;6:28:52
0;2023/7/11;6:28:54
0;2023/7/11;6:28:56
0;2023/7/11;6:28:58
0;2023/7/11;6:29:0
0;2023/7/11;6:29:3
0;2023/7/11;6:29:5
0;2023/7/11;6:29:7
0;2023/7/11;6:29:9
0;2023/7/11;6:29:11
0;2023/7/11;6:29:13
0;2023/7/11;6:29:15
0;2023/7/11;6:29:17
0;2023/7/11;6:29:19
0;2023/7/11;6:29:21
0;2023/7/11;6:29:23
0;2023/7/11;6:29:25
0;2023/7/11;6:29:28
0;2023/7/11;6:29:30
0;2023/7/11;6:29:32
0;2023/7/11;6:29:34
0;2023/7/11;6:29:36
0;2023/7/11;6:29:38
0;2023/7/11;6:29:40
0;2023/7/11;6:29:42
0;2023/7/11;6:29:44
0;2023/7/11;6:29:46
0;2023/7/11;6:29:48
0;2023/7/11;6:29:50
0;2023/7/11;6:29:53
0;2023/7/11;6:29:55
0;2023/7/11;6:29:57
0;2023/7/11;6:29:59
0;2023/7/11;6:30:1
0;2023/7/11;6:30:3
0;2023/7/11;6:30:5
0;2023/7/11;6:30:7
0;2023/7/11;6:30:9
0;2023/7/11;6:30:11
0;2023/7/11;6:30:13
0;2023/7/11;6:30:16
0;2023/7/11;6:30:18
0;2023/7/11;6:30:20
0;2023/7/11;6:30:22
0;2023/7/11;6:30:24
0;2023/7/11;6:30:26
0;2023/7/11;6:30:28
0;2023/7/11;6:30:30
0;2023/7/11;6:30:32
0;2023/7/11;6:30:34
0;2023/7/11;6:30:36
0;2023/7/11;6:30:38
0;2023/7/11;6:30:41
0;2023/7/11;6:30:43
0;2023/7/11;6:30:45
0;2023/7/11;6:30:47
0;2023/7/11;6:30:49
0;2023/7/11;6:30:51
0;2023/7/11;6:30:53
0;2023/7/11;6:30:55
0;2023/7/11;6:30:57
0;2023/7/11;6:30:59
0;2023/7/11;6:31:1
0;2023/7/11;6:31:3
0;2023/7/11;6:31:6
0;2023/7/11;6:31:8
0;2023/7/11;6:31:10
0;2023/7/11;6:31:12
0;2023/7/11;6:31:14
0;2023/7/11;6:31:16
0;2023/7/11;6:31:18
0;2023/7/11;6:31:20
0;2023/7/11;6:31:22
0;2023/7/11;6:31:24
0;2023/7/11;6:31:26
0;2023/7/11;6:31:28
0;2023/7/11;6:31:31
0;2023/7/11;6:31:33
0;2023/7/11;6:31:35
0;2023/7/11;6:31:37
0;2023/7/11;6:31:39
0;2023/7/11;6:31:41
0;2023/7/11;6:31:43
0;2023/7/11;6:31:45
0;2023/7/11;6:31:47
0;2023/7/11;6:31:49
0;2023/7/11;6:31:51
0;2023/7/11;6:31:54
0;2023/7/11;6:31:56
0;2023/7/11;6:31:58
0;2023/7/11;6:32:0
0;2023/7/11;6:32:2
0;2023/7/11;6:32:4
0;2023/7/11;6:32:6
0;2023/7/11;6:32:8
0;2023/7/11;6:32:10
0;2023/7/11;6:32:12
0;2023/7/11;6:32:14
0;2023/7/11;6:32:16
0;2023/7/11;6:32:19
0;2023/7/11;6:32:21
0;2023/7/11;6:32:23
0;2023/7/11;6:32:25
0;2023/7/11;6:32:27
0;2023/7/11;6:32:29
0;2023/7/11;6:32:31
0;2023/7/11;6:32:33
0;2023/7/11;6:32:35
0;2023/7/11;6:32:37
0;2023/7/11;6:32:39
0;2023/7/11;6:32:41
0;2023/7/11;6:32:44
0;2023/7/11;6:32:46
0;2023/7/11;6:32:48
0;2023/7/11;6:32:50
0;2023/7/11;6:32:52
0;2023/7/11;6:32:54
0;2023/7/11;6:32:56
0;2023/7/11;6:32:58
0;2023/7/11;6:33:0
0;2023/7/11;6:33:2
0;2023/7/11;6:33:4
0;2023/7/11;6:33:6
0;2023/7/11;6:33:9
0;2023/7/11;6:33:11
0;2023/7/11;6:33:13
0;2023/7/11;6:33:15
0;2023/7/11;6:33:17
0;2023/7/11;6:33:19
0;2023/7/11;6:33:21
0;2023/7/11;6:33:23
0;2023/7/11;6:33:25
0;2023/7/11;6:33:27
0;2023/7/11;6:33:29
0;2023/7/11;6:33:32
0;2023/7/11;6:33:34
0;2023/7/11;6:33:36
0;2023/7/11;6:33:38
0;2023/7/11;6:33:40
0;2023/7/11;6:33:42
0;2023/7/11;6:33:44
0;2023/7/11;6:33:46
0;2023/7/11;6:33:48
0;2023/7/11;6:33:50
0;2023/7/11;6:33:52
0;2023/7/11;6:33:54
0;2023/7/11;6:33:57
0;2023/7/11;6:33:59
0;2023/7/11;6:34:1
0;2023/7/11;6:34:3
0;2023/7/11;6:34:5
0;2023/7/11;6:34:7
0;2023/7/11;6:34:9
0;2023/7/11;6:34:11
0;2023/7/11;6:34:13
0;2023/7/11;6:34:15
0;2023/7/11;6:34:17
0;2023/7/11;6:34:19
0;2023/7/11;6:34:22
0;2023/7/11;6:34:24
0;2023/7/11;6:34:26
0;2023/7/11;6:34:28
0;2023/7/11;6:34:30
0;2023/7/11;6:34:32
0;2023/7/11;6:34:34
0;2023/7/11;6:34:36
0;2023/7/11;6:34:38
0;2023/7/11;6:34:41
0;2023/7/11;6:34:42
0;2023/7/11;6:34:45
0;2023/7/11;6:34:47
0;2023/7/11;6:34:49
0;2023/7/11;6:34:51
0;2023/7/11;6:34:53
0;2023/7/11;6:34:55
0;2023/7/11;6:34:57
0;2023/7/11;6:34:59
0;2023/7/11;6:35:1
0;2023/7/11;6:35:8
0;2023/7/11;6:35:8
0;2023/7/11;6:35:8
0;2023/7/11;6:35:10
0;2023/7/11;6:35:12
0;2023/7/11;6:35:14
0;2023/7/11;6:35:16
0;2023/7/11;6:35:18
0;2023/7/11;6:35:20
0;2023/7/11;6:35:22
0;2023/7/11;6:35:24
0;2023/7/11;6:35:26
0;2023/7/11;6:35:28
0;2023/7/11;6:35:30
0;2023/7/11;6:35:32
0;2023/7/11;6:35:35
0;2023/7/11;6:35:37
0;2023/7/11;6:35:39
0;2023/7/11;6:35:41
0;2023/7/11;6:35:43
0;2023/7/11;6:35:45
0;2023/7/11;6:35:47
0;2023/7/11;6:35:49
0;2023/7/11;6:35:51
0;2023/7/11;6:35:53
0;2023/7/11;6:35:55
0;2023/7/11;6:35:57
0;2023/7/11;6:36:0
0;2023/7/11;6:36:2
0;2023/7/11;6:36:4
0;2023/7/11;6:36:6
0;2023/7/11;6:36:8
0;2023/7/11;6:36:10
0;2023/7/11;6:36:12
0;2023/7/11;6:36:14
0;2023/7/11;6:36:16
0;2023/7/11;6:36:19
0;2023/7/11;6:36:20
0;2023/7/11;6:36:22
0;2023/7/11;6:36:26
0;2023/7/11;6:36:27
0;2023/7/11;6:36:29
0;2023/7/11;6:36:35
0;2023/7/11;6:36:35
0;2023/7/11;6:36:35
0;2023/7/11;6:36:37
0;2023/7/11;6:37:5
0;2023/7/11;6:37:6
0;2023/7/11;6:37:9
0;2023/7/11;6:37:11
0;2023/7/11;6:37:13
0;2023/7/11;6:37:15
0;2023/7/11;6:37:17
0;2023/7/11;6:37:19
0;2023/7/11;6:37:21
0;2023/7/11;6:37:23
0;2023/7/11;6:37:25
0;2023/7/11;6:37:27
0;2023/7/11;6:37:29
0;2023/7/11;6:37:31
0;2023/7/11;6:37:34
0;2023/7/11;6:37:36
0;2023/7/11;6:37:38
0;2023/7/11;6:37:40
0;2023/7/11;6:37:42
0;2023/7/11;6:37:44
0;2023/7/11;6:37:46
0;2023/7/11;6:37:48
0;2023/7/11;6:37:50
0;2023/7/11;6:37:52
0;2023/7/11;6:37:54
0;2023/7/11;6:37:56
0;2023/7/11;6:37:59
0;2023/7/11;6:38:1
0;2023/7/11;6:38:3
0;2023/7/11;6:38:5
0;2023/7/11;6:38:7
0;2023/7/11;6:38:9
0;2023/7/11;6:38:11
0;2023/7/11;6:38:18
0;2023/7/11;6:38:18
0;2023/7/11;6:38:18
0;2023/7/11;6:38:19
0;2023/7/11;6:38:21
0;2023/7/11;6:38:24
0;2023/7/11;6:38:26
0;2023/7/11;6:38:28
0;2023/7/11;6:38:30
0;2023/7/11;6:38:32
0;2023/7/11;6:38:34
0;2023/7/11;6:38:36
0;2023/7/11;6:38:38
0;2023/7/11;6:38:40
0;2023/7/11;6:38:42
0;2023/7/11;6:38:44
0;2023/7/11;6:38:47
0;2023/7/11;6:38:49
0;2023/7/11;6:38:51
0;2023/7/11;6:38:53
0;2023/7/11;6:38:55
0;2023/7/11;6:38:57
0;2023/7/11;6:38:59
0;2023/7/11;6:39:1
0;2023/7/11;6:39:3
0;2023/7/11;6:39:5
0;2023/7/11;6:39:7
0;2023/7/11;6:39:9
0;2023/7/11;6:39:11
0;2023/7/11;6:39:14
0;2023/7/11;6:39:16
0;2023/7/11;6:39:18
0;2023/7/11;6:39:20
0;2023/7/11;6:39:22
0;2023/7/11;6:39:24
0;2023/7/11;6:39:26
0;2023/7/11;6:39:28
0;2023/7/11;6:39:30
0;2023/7/11;6:39:32
0;2023/7/11;6:39:34
0;2023/7/11;6:39:36
0;2023/7/11;6:39:39
0;2023/7/11;6:39:41
0;2023/7/11;6:39:43
0;2023/7/11;6:39:45
0;2023/7/11;6:39:47
0;2023/7/11;6:39:49
0;2023/7/11;6:39:51
0;2023/7/11;6:39:53
0;2023/7/11;6:39:55
0;2023/7/11;6:39:57
0;2023/7/11;6:40:2
0;2023/7/11;6:40:2
0;2023/7/11;6:40:3
0;2023/7/11;6:40:6
0;2023/7/11;6:40:8
0;2023/7/11;6:40:10
0;2023/7/11;6:40:12
0;2023/7/11;6:40:14
0;2023/7/11;6:40:16
0;2023/7/11;6:40:18
0;2023/7/11;6:40:20
0;2023/7/11;6:40:22
0;2023/7/11;6:40:24
0;2023/7/11;6:40:26
0;2023/7/11;6:40:28
0;2023/7/11;6:40:30
0;2023/7/11;6:40:32
0;2023/7/11;6:40:35
0;2023/7/11;6:40:37
0;2023/7/11;6:40:39
0;2023/7/11;6:40:41
0;2023/7/11;6:40:43
0;2023/7/11;6:40:45
0;2023/7/11;6:40:47
0;2023/7/11;6:40:49
0;2023/7/11;6:40:51
0;2023/7/11;6:40:53
0;2023/7/11;6:40:55
0;2023/7/11;6:40:57
0;2023/7/11;6:41:0
0;2023/7/11;6:41:2
0;2023/7/11;6:41:4
0;2023/7/11;6:41:6
0;2023/7/11;6:41:8
0;2023/7/11;6:41:10
0;2023/7/11;6:41:12
0;2023/7/11;6:41:14
0;2023/7/11;6:41:16
0;2023/7/11;6:41:18
0;2023/7/11;6:41:20
0;2023/7/11;6:41:22
0;2023/7/11;6:41:25
0;2023/7/11;6:41:27
0;2023/7/11;6:41:29
0;2023/7/11;6:41:31
0;2023/7/11;6:41:33
0;2023/7/11;6:41:35
0;2023/7/11;6:41:37
0;2023/7/11;6:41:39
0;2023/7/11;6:41:41
0;2023/7/11;6:41:43
0;2023/7/11;6:41:45
0;2023/7/11;6:41:47
0;2023/7/11;6:41:49
0;2023/7/11;6:41:52
0;2023/7/11;6:41:54
0;2023/7/11;6:41:56
0;2023/7/11;6:41:58
0;2023/7/11;6:42:0
0;2023/7/11;6:42:2
0;2023/7/11;6:42:4
0;2023/7/11;6:42:6
0;2023/7/11;6:42:32
0;2023/7/11;6:42:34
0;2023/7/11;6:42:35
0;2023/7/11;6:42:37
0;2023/7/11;6:42:39
0;2023/7/11;6:42:41
0;2023/7/11;6:42:44
0;2023/7/11;6:42:46
0;2023/7/11;6:42:48
0;2023/7/11;6:42:50
0;2023/7/11;6:42:52
0;2023/7/11;6:42:54
0;2023/7/11;6:42:56
0;2023/7/11;6:42:58
0;2023/7/11;6:43:0
0;2023/7/11;6:43:2
0;2023/7/11;6:43:4
0;2023/7/11;6:43:6
0;2023/7/11;6:43:8
0;2023/7/11;6:43:11
0;2023/7/11;6:43:13
0;2023/7/11;6:43:15
0;2023/7/11;6:43:17
0;2023/7/11;6:43:19
0;2023/7/11;6:43:21
0;2023/7/11;6:43:23
0;2023/7/11;6:43:25
0;2023/7/11;6:43:27
0;2023/7/11;6:43:29
0;2023/7/11;6:43:31
0;2023/7/11;6:43:33
0;2023/7/11;6:43:35
0;2023/7/11;6:43:38
0;2023/7/11;6:43:40
0;2023/7/11;6:43:42
0;2023/7/11;6:43:44
0;2023/7/11;6:43:46
0;2023/7/11;6:43:48
0;2023/7/11;6:43:50
0;2023/7/11;6:43:52
0;2023/7/11;6:43:54
0;2023/7/11;6:43:56
0;2023/7/11;6:43:59
0;2023/7/11;6:44:0
0;2023/7/11;6:44:3
0;2023/7/11;6:44:9
0;2023/7/11;6:44:9
0;2023/7/11;6:44:9
0;2023/7/11;6:44:11
0;2023/7/11;6:44:13
0;2023/7/11;6:44:15
0;2023/7/11;6:44:17
0;2023/7/11;6:44:19
0;2023/7/11;6:44:21
0;2023/7/11;6:44:23
0;2023/7/11;6:44:25
0;2023/7/11;6:44:27
0;2023/7/11;6:44:30
0;2023/7/11;6:44:32
0;2023/7/11;6:44:34
0;2023/7/11;6:44:36
0;2023/7/11;6:44:38
0;2023/7/11;6:44:40
0;2023/7/11;6:44:42
0;2023/7/11;6:44:44
0;2023/7/11;6:44:46
0;2023/7/11;6:44:48
0;2023/7/11;6:44:50
0;2023/7/11;6:44:52
0;2023/7/11;6:44:55
0;2023/7/11;6:44:57
0;2023/7/11;6:44:59
0;2023/7/11;6:45:1
0;2023/7/11;6:45:3
0;2023/7/11;6:45:5
0;2023/7/11;6:45:7
0;2023/7/11;6:45:9
0;2023/7/11;6:45:36
0;2023/7/11;6:45:38
0;2023/7/11;6:45:40
0;2023/7/11;6:45:42
0;2023/7/11;6:45:44
0;2023/7/11;6:45:46
0;2023/7/11;6:45:49
0;2023/7/11;6:45:51
0;2023/7/11;6:45:53
0;2023/7/11;6:45:55
0;2023/7/11;6:45:57
0;2023/7/11;6:45:59
0;2023/7/11;6:46:1
0;2023/7/11;6:46:29
0;2023/7/11;6:46:30
0;2023/7/11;6:46:32
0;2023/7/11;6:46:34
0;2023/7/11;6:46:36
0;2023/7/11;6:46:38
0;2023/7/11;6:46:41
0;2023/7/11;6:46:43
0;2023/7/11;6:46:45
0;2023/7/11;6:46:47
0;2023/7/11;6:46:49
0;2023/7/11;6:46:51
0;2023/7/11;6:46:53
0;2023/7/11;6:46:55
0;2023/7/11;6:46:57
0;2023/7/11;6:46:59
0;2023/7/11;6:47:1
0;2023/7/11;6:47:3
0;2023/7/11;6:47:5
0;2023/7/11;6:47:8
0;2023/7/11;6:47:10
0;2023/7/11;6:47:12
0;2023/7/11;6:47:14
0;2023/7/11;6:47:16
0;2023/7/11;6:47:18
0;2023/7/11;6:47:20
0;2023/7/11;6:47:22
0;2023/7/11;6:47:24
0;2023/7/11;6:47:26
0;2023/7/11;6:47:28
0;2023/7/11;6:47:31
0;2023/7/11;6:47:32
0;2023/7/11;6:47:35
0;2023/7/11;6:47:37
0;2023/7/11;6:47:39
0;2023/7/11;6:47:41
0;2023/7/11;6:47:43
0;2023/7/11;6:47:45
0;2023/7/11;6:47:47
0;2023/7/11;6:47:49
0;2023/7/11;6:47:51
0;2023/7/11;6:47:53
0;2023/7/11;6:47:55
0;2023/7/11;6:47:57
0;2023/7/11;6:48:0
0;2023/7/11;6:48:7
0;2023/7/11;6:48:7
0;2023/7/11;6:48:7
0;2023/7/11;6:48:8
0;2023/7/11;6:48:11
0;2023/7/11;6:48:12
0;2023/7/11;6:48:14
0;2023/7/11;6:48:16
0;2023/7/11;6:48:19
0;2023/7/11;6:48:20
0;2023/7/11;6:48:23
0;2023/7/11;6:48:24
0;2023/7/11;6:48:27
0;2023/7/11;6:48:29
0;2023/7/11;6:48:31
0;2023/7/11;6:48:33
0;2023/7/11;6:48:35
0;2023/7/11;6:48:37
0;2023/7/11;6:48:39
0;2023/7/11;6:48:41
0;2023/7/11;6:48:43
0;2023/7/11;6:48:45
0;2023/7/11;6:48:47
0;2023/7/11;6:48:49
0;2023/7/11;6:48:52
0;2023/7/11;6:48:54
0;2023/7/11;6:48:56
0;2023/7/11;6:48:58
0;2023/7/11;6:49:0
0;2023/7/11;6:49:2
0;2023/7/11;6:49:4
0;2023/7/11;6:49:6
0;2023/7/11;6:49:8
0;2023/7/11;6:49:10
0;2023/7/11;6:49:12
0;2023/7/11;6:49:15
0;2023/7/11;6:49:16
0;2023/7/11;6:49:19
0;2023/7/11;6:49:21
0;2023/7/11;6:49:23
0;2023/7/11;6:49:25
0;2023/7/11;6:49:27
0;2023/7/11;6:49:29
0;2023/7/11;6:49:31
0;2023/7/11;6:49:33
0;2023/7/11;6:49:35
0;2023/7/11;6:49:37
0;2023/7/11;6:49:40
0;2023/7/11;6:49:42
0;2023/7/11;6:49:44
0;2023/7/11;6:49:46
0;2023/7/11;6:49:48
0;2023/7/11;6:49:50
0;2023/7/11;6:49:52
0;2023/7/11;6:49:54
0;2023/7/11;6:49:56
0;2023/7/11;6:49:58
0;2023/7/11;6:50:0
0;2023/7/11;6:50:2
0;2023/7/11;6:50:7
0;2023/7/11;6:50:7
0;2023/7/11;6:50:9
0;2023/7/11;6:50:11
0;2023/7/11;6:50:13
0;2023/7/11;6:50:15
0;2023/7/11;6:50:17
0;2023/7/11;6:50:19
0;2023/7/11;6:50:21
0;2023/7/11;6:50:23
0;2023/7/11;6:50:25
0;2023/7/11;6:50:27
0;2023/7/11;6:50:29
0;2023/7/11;6:50:32
0;2023/7/11;6:50:34
0;2023/7/11;6:50:36
0;2023/7/11;6:50:38
0;2023/7/11;6:50:40
0;2023/7/11;6:50:42
0;2023/7/11;6:50:44
0;2023/7/11;6:50:46
0;2023/7/11;6:50:48
0;2023/7/11;6:50:50
0;2023/7/11;6:50:52
0;2023/7/11;6:50:54
0;2023/7/11;6:50:57
0;2023/7/11;6:50:59
0;2023/7/11;6:51:1
0;2023/7/11;6:51:3
0;2023/7/11;6:51:5
0;2023/7/11;6:51:7
0;2023/7/11;6:51:9
0;2023/7/11;6:51:11
0;2023/7/11;6:51:13
0;2023/7/11;6:51:15
0;2023/7/11;6:51:17
0;2023/7/11;6:51:19
0;2023/7/11;6:51:21
0;2023/7/11;6:51:24
0;2023/7/11;6:51:25
0;2023/7/11;6:51:28
0;2023/7/11;6:51:30
0;2023/7/11;6:51:32
0;2023/7/11;6:51:34
0;2023/7/11;6:51:36
0;2023/7/11;6:51:38
0;2023/7/11;6:51:40
0;2023/7/11;6:51:42
0;2023/7/11;6:51:44
0;2023/7/11;6:51:46
0;2023/7/11;6:51:48
0;2023/7/11;6:51:51
0;2023/7/11;6:51:53
0;2023/7/11;6:51:55
0;2023/7/11;6:51:57
0;2023/7/11;6:51:59
0;2023/7/11;6:52:1
0;2023/7/11;6:52:3
0;2023/7/11;6:52:5
0;2023/7/11;6:52:7
0;2023/7/11;6:52:9
0;2023/7/11;6:52:11
0;2023/7/11;6:52:13
0;2023/7/11;6:52:15
0;2023/7/11;6:52:18
0;2023/7/11;6:52:20
0;2023/7/11;6:52:22
0;2023/7/11;6:52:24
0;2023/7/11;6:52:26
0;2023/7/11;6:52:28
0;2023/7/11;6:52:30
0;2023/7/11;6:52:34
0;2023/7/11;6:52:34
0;2023/7/11;6:52:36
0;2023/7/11;6:52:38
0;2023/7/11;6:52:41
0;2023/7/11;6:52:43
0;2023/7/11;6:52:45
0;2023/7/11;6:52:47
0;2023/7/11;6:52:49
0;2023/7/11;6:52:51
0;2023/7/11;6:52:53
0;2023/7/11;6:52:55
0;2023/7/11;6:52:57
0;2023/7/11;6:52:59
0;2023/7/11;6:53:1
0;2023/7/11;6:53:3
0;2023/7/11;6:53:5
0;2023/7/11;6:53:8
0;2023/7/11;6:53:10
0;2023/7/11;6:53:12
0;2023/7/11;6:56:33
0;2023/7/11;6:56:34
0;2023/7/11;6:56:36
0;2023/7/11;6:56:38
0;2023/7/11;6:56:40
0;2023/7/11;6:56:42
0;2023/7/11;6:56:44
0;2023/7/11;6:56:46
0;2023/7/11;6:56:48
0;2023/7/11;6:56:50
0;2023/7/11;6:56:53
0;2023/7/11;6:56:54
0;2023/7/11;6:56:57
0;2023/7/11;6:56:58
0;2023/7/11;6:57:1
0;2023/7/11;6:57:3
0;2023/7/11;6:57:5
0;2023/7/11;6:57:7
0;2023/7/11;6:57:10
0;2023/7/11;6:57:11
0;2023/7/11;6:57:13
0;2023/7/11;6:57:15
0;2023/7/11;6:57:17
0;2023/7/11;6:57:19
0;2023/7/11;6:57:21
0;2023/7/11;6:57:24
0;2023/7/11;6:57:26
0;2023/7/11;6:57:28
0;2023/7/11;6:57:30
0;2023/7/11;6:57:32
0;2023/7/11;6:57:34
0;2023/7/11;6:57:36
0;2023/7/11;6:57:38
0;2023/7/11;6:57:40
0;2023/7/11;6:57:42
0;2023/7/11;6:57:44
0;2023/7/11;6:57:46
0;2023/7/11;6:57:49
0;2023/7/11;6:57:51
0;2023/7/11;6:57:53
0;2023/7/11;6:57:55
0;2023/7/11;6:57:57
0;2023/7/11;6:57:59
0;2023/7/11;6:58:1
0;2023/7/11;6:58:3
0;2023/7/11;6:58:5
0;2023/7/11;6:58:7
0;2023/7/11;6:58:9
0;2023/7/11;6:58:11
0;2023/7/11;6:58:14
0;2023/7/11;6:58:15
0;2023/7/11;6:58:18
0;2023/7/11;6:58:20
0;2023/7/11;6:58:22
0;2023/7/11;6:58:24
0;2023/7/11;6:58:26
0;2023/7/11;6:58:28
0;2023/7/11;6:58:30
0;2023/7/11;6:58:32
0;2023/7/11;6:58:34
0;2023/7/11;6:58:36
0;2023/7/11;6:58:38
0;2023/7/11;6:58:41
0;2023/7/11;6:58:43
0;2023/7/11;6:58:45
0;2023/7/11;6:58:47
0;2023/7/11;6:58:49
0;2023/7/11;6:58:51
0;2023/7/11;6:58:53
0;2023/7/11;6:58:55
0;2023/7/11;6:58:57
0;2023/7/11;6:58:59
0;2023/7/11;6:59:1
0;2023/7/11;6:59:3
0;2023/7/11;6:59:6
0;2023/7/11;6:59:8
0;2023/7/11;6:59:10
0;2023/7/11;6:59:12
0;2023/7/11;6:59:14
0;2023/7/11;6:59:16
0;2023/7/11;6:59:18
0;2023/7/11;6:59:20
0;2023/7/11;6:59:22
0;2023/7/11;6:59:24
0;2023/7/11;6:59:26
0;2023/7/11;6:59:28
0;2023/7/11;6:59:31
0;2023/7/11;6:59:33
0;2023/7/11;6:59:35
0;2023/7/11;6:59:37
0;2023/7/11;6:59:39
0;2023/7/11;6:59:41
0;2023/7/11;6:59:43
0;2023/7/11;7:0:11
0;2023/7/11;7:0:12
0;2023/7/11;7:0:14
0;2023/7/11;7:0:16
0;2023/7/11;7:0:18
0;2023/7/11;7:0:20
0;2023/7/11;7:0:23
0;2023/7/11;7:0:25
0;2023/7/11;7:0:27
0;2023/7/11;7:0:29
0;2023/7/11;7:0:31
0;2023/7/11;7:0:33
0;2023/7/11;7:0:35
0;2023/7/11;7:0:37
0;2023/7/11;7:0:39
0;2023/7/11;7:0:41
0;2023/7/11;7:0:43
0;2023/7/11;7:0:45
0;2023/7/11;7:0:48
0;2023/7/11;7:0:50
0;2023/7/11;7:0:52
0;2023/7/11;7:0:54
0;2023/7/11;7:0:56
0;2023/7/11;7:0:58
0;2023/7/11;7:1:0
0;2023/7/11;7:1:2
0;2023/7/11;7:1:4
0;2023/7/11;7:1:6
0;2023/7/11;7:1:8
0;2023/7/11;7:1:10
0;2023/7/11;7:1:13
0;2023/7/11;7:1:15
0;2023/7/11;7:1:17
0;2023/7/11;7:1:19
0;2023/7/11;7:1:21
0;2023/7/11;7:1:23
0;2023/7/11;7:1:25
0;2023/7/11;7:1:27
0;2023/7/11;7:1:29
0;2023/7/11;7:1:31
0;2023/7/11;7:1:33
0;2023/7/11;7:1:36
0;2023/7/11;7:1:37
0;2023/7/11;7:1:40
0;2023/7/11;7:1:42
0;2023/7/11;7:1:44
0;2023/7/11;7:1:49
0;2023/7/11;7:1:49
0;2023/7/11;7:1:50
0;2023/7/11;7:1:52
0;2023/7/11;7:1:54
0;2023/7/11;7:1:56
0;2023/7/11;7:1:58
0;2023/7/11;7:2:0
0;2023/7/11;7:2:2
0;2023/7/11;7:2:4
0;2023/7/11;7:2:7
0;2023/7/11;7:2:9
0;2023/7/11;7:2:11
0;2023/7/11;7:2:13
0;2023/7/11;7:2:15
0;2023/7/11;7:2:17
0;2023/7/11;7:2:19
0;2023/7/11;7:2:21
0;2023/7/11;7:2:23
0;2023/7/11;7:2:25
0;2023/7/11;7:2:27
0;2023/7/11;7:2:29
0;2023/7/11;7:2:55
10;2023/7/11;7:2:57
0;2023/7/11;7:2:59
0;2023/7/11;7:3:1
0;2023/7/11;7:3:3
0;2023/7/11;7:3:5
0;2023/7/11;7:3:7
0;2023/7/11;7:3:9
0;2023/7/11;7:3:11
0;2023/7/11;7:3:13
0;2023/7/11;7:3:15
0;2023/7/11;7:3:17
0;2023/7/11;7:3:19
0;2023/7/11;7:3:21
0;2023/7/11;7:3:24
0;2023/7/11;7:3:26
0;2023/7/11;7:3:28
0;2023/7/11;7:3:30
0;2023/7/11;7:3:32
0;2023/7/11;7:3:34
0;2023/7/11;7:3:36
0;2023/7/11;7:3:38
0;2023/7/11;7:3:40
0;2023/7/11;7:3:47
0;2023/7/11;7:3:47
0;2023/7/11;7:3:47
0;2023/7/11;7:3:49
0;2023/7/11;7:3:51
0;2023/7/11;7:3:53
0;2023/7/11;7:3:55
0;2023/7/11;7:3:57
0;2023/7/11;7:3:59
0;2023/7/11;7:4:1
0;2023/7/11;7:4:3
0;2023/7/11;7:4:5
0;2023/7/11;7:4:7
0;2023/7/11;7:4:9
0;2023/7/11;7:4:11
0;2023/7/11;7:4:13
0;2023/7/11;7:4:15
0;2023/7/11;7:4:18
0;2023/7/11;7:4:20
0;2023/7/11;7:4:22
0;2023/7/11;7:4:24
0;2023/7/11;7:4:26
0;2023/7/11;7:4:28
0;2023/7/11;7:4:30
0;2023/7/11;7:4:32
0;2023/7/11;7:4:34
0;2023/7/11;7:4:36
0;2023/7/11;7:4:38
0;2023/7/11;7:4:41
0;2023/7/11;7:4:43
0;2023/7/11;7:4:45
0;2023/7/11;7:4:47
0;2023/7/11;7:4:49
0;2023/7/11;7:4:51
0;2023/7/11;7:4:53
0;2023/7/11;7:4:55
0;2023/7/11;7:4:57
0;2023/7/11;7:4:59
0;2023/7/11;7:5:1
0;2023/7/11;7:5:3
0;2023/7/11;7:5:6
0;2023/7/11;7:5:8
